instance,solver,run,nvertices,nedges,n,m,state,value,totalTime,totalIters,bestTime,bestIter
r_n100_p0.25_nA20_nB20_i0,heur_semigreedy2s_v2_a0.3,0,100,1186,20,20,FEASIBLE,2,2.75686,10000,0.136306,488
r_n150_p0.75_nA15_nB15_i2,heur_semigreedy2s_v2_a0.3,0,150,8450,15,15,FEASIBLE,4,12.1462,15000,0.758107,953
r_n150_p0.25_nA15_nB15_i2,heur_semigreedy2s_v2_a0.3,0,150,2737,15,15,FEASIBLE,2,6.95637,15000,0.000595474,0
r_n150_p0.75_nA15_nB30_i1,heur_semigreedy2s_v2_a0.3,0,150,8396,15,30,FEASIBLE,4,17.2444,15000,3.05475,2734
r_n150_p0.5_nA15_nB30_i2,heur_semigreedy2s_v2_a0.3,0,150,5571,15,30,FEASIBLE,3,21.0923,15000,0.02166,13
r_n150_p0.75_nA15_nB15_i1,heur_semigreedy2s_v2_a0.3,0,150,8391,15,15,FEASIBLE,4,12.1635,15000,0.894685,1111
r_n100_p0.75_nA10_nB20_i2,heur_semigreedy2s_v2_a0.3,0,100,3726,10,20,FEASIBLE,3,4.22672,10000,0.106782,224
r_n100_p0.5_nA20_nB10_i2,heur_semigreedy2s_v2_a0.3,0,100,2426,20,10,FEASIBLE,4,3.13456,10000,0.0303331,96
r_n150_p0.75_nA15_nB15_i0,heur_semigreedy2s_v2_a0.3,0,150,8339,15,15,FEASIBLE,4,12.616,15000,0.901017,1036
r_n100_p0.75_nA20_nB10_i2,heur_semigreedy2s_v2_a0.3,0,100,3690,20,10,FEASIBLE,8,1.94222,10000,0.00315521,14
r_n150_p0.25_nA15_nB30_i0,heur_semigreedy2s_v2_a0.3,0,150,2807,15,30,FEASIBLE,2,8.52216,15000,0.00351989,4
r_n100_p0.5_nA10_nB10_i1,heur_semigreedy2s_v2_a0.3,0,100,2429,10,10,FEASIBLE,2,2.78094,10000,0.00689433,22
r_n150_p0.25_nA30_nB30_i1,heur_semigreedy2s_v2_a0.3,0,150,2753,30,30,FEASIBLE,4,11.6817,15000,0.00110341,0
r_n150_p0.5_nA30_nB15_i0,heur_semigreedy2s_v2_a0.3,0,150,5641,30,15,FEASIBLE,6,17.3315,15000,7.08494,6131
r_n100_p0.5_nA10_nB20_i0,heur_semigreedy2s_v2_a0.3,0,100,2512,10,20,FEASIBLE,2,3.64738,10000,0.0356752,92
r_n150_p0.5_nA15_nB15_i0,heur_semigreedy2s_v2_a0.3,0,150,5546,15,15,FEASIBLE,3,14.233,15000,0.00708097,5
r_n100_p0.75_nA20_nB20_i2,heur_semigreedy2s_v2_a0.3,0,100,3677,20,20,FEASIBLE,6,4.85105,10000,0.63187,1327
r_n150_p0.25_nA30_nB15_i1,heur_semigreedy2s_v2_a0.3,0,150,2805,30,15,FEASIBLE,4,8.96237,15000,0.0317883,38
r_n150_p0.5_nA15_nB30_i0,heur_semigreedy2s_v2_a0.3,0,150,5614,15,30,FEASIBLE,3,17.6678,15000,0.131462,84
r_n150_p0.75_nA15_nB30_i2,heur_semigreedy2s_v2_a0.3,0,150,8362,15,30,FEASIBLE,4,16.6614,15000,0.666327,595
r_n150_p0.25_nA15_nB30_i2,heur_semigreedy2s_v2_a0.3,0,150,2772,15,30,FEASIBLE,2,8.11483,15000,0.003313,5
r_n150_p0.75_nA30_nB30_i2,heur_semigreedy2s_v2_a0.3,0,150,8301,30,30,FEASIBLE,8,38.6854,15000,0.15083,58
r_n150_p0.75_nA30_nB30_i0,heur_semigreedy2s_v2_a0.3,0,150,8404,30,30,FEASIBLE,9,31.0929,15000,0.134417,80
r_n150_p0.25_nA15_nB30_i1,heur_semigreedy2s_v2_a0.3,0,150,2756,15,30,FEASIBLE,2,8.04875,15000,0.0131967,19
r_n150_p0.75_nA30_nB15_i1,heur_semigreedy2s_v2_a0.3,0,150,8405,30,15,FEASIBLE,9,8.0031,15000,2.04791,3872
r_n100_p0.25_nA10_nB20_i1,heur_semigreedy2s_v2_a0.3,0,100,1262,10,20,FEASIBLE,2,2.06419,10000,0.000308758,0
r_n100_p0.25_nA20_nB20_i2,heur_semigreedy2s_v2_a0.3,0,100,1245,20,20,FEASIBLE,3,2.78607,10000,0.000347221,0
r_n100_p0.25_nA10_nB10_i0,heur_semigreedy2s_v2_a0.3,0,100,1244,10,10,FEASIBLE,1,1.84127,10000,0.399467,2127
r_n100_p0.25_nA10_nB10_i2,heur_semigreedy2s_v2_a0.3,0,100,1275,10,10,FEASIBLE,1,1.85219,10000,0.00313639,15
r_n100_p0.25_nA20_nB20_i1,heur_semigreedy2s_v2_a0.3,0,100,1269,20,20,FEASIBLE,3,2.79979,10000,0.000566827,0
r_n150_p0.25_nA15_nB15_i1,heur_semigreedy2s_v2_a0.3,0,150,2818,15,15,FEASIBLE,2,7.94724,15000,0.0246407,50
r_n100_p0.25_nA10_nB20_i0,heur_semigreedy2s_v2_a0.3,0,100,1228,10,20,FEASIBLE,1,2.05066,10000,0.00865195,36
r_n100_p0.75_nA10_nB10_i0,heur_semigreedy2s_v2_a0.3,0,100,3716,10,10,FEASIBLE,3,2.94779,10000,0.0054294,14
r_n150_p0.5_nA15_nB15_i2,heur_semigreedy2s_v2_a0.3,0,150,5579,15,15,FEASIBLE,3,14.413,15000,0.0653722,58
r_n100_p0.75_nA20_nB20_i0,heur_semigreedy2s_v2_a0.3,0,100,3723,20,20,FEASIBLE,6,4.92861,10000,0.3135,633
r_n100_p0.75_nA20_nB10_i0,heur_semigreedy2s_v2_a0.3,0,100,3729,20,10,FEASIBLE,7,1.74486,10000,0.399509,2199
r_n150_p0.5_nA15_nB30_i1,heur_semigreedy2s_v2_a0.3,0,150,5608,15,30,FEASIBLE,3,19.463,15000,0.0220728,14
r_n100_p0.75_nA10_nB10_i2,heur_semigreedy2s_v2_a0.3,0,100,3709,10,10,FEASIBLE,3,3.06842,10000,0.00745636,16
r_n150_p0.5_nA30_nB30_i2,heur_semigreedy2s_v2_a0.3,0,150,5621,30,30,FEASIBLE,6,19.399,15000,0.0350563,26
r_n150_p0.5_nA30_nB15_i2,heur_semigreedy2s_v2_a0.3,0,150,5583,30,15,FEASIBLE,6,19.2241,15000,8.9301,5889
r_n150_p0.75_nA30_nB30_i1,heur_semigreedy2s_v2_a0.3,0,150,8343,30,30,FEASIBLE,9,31.8161,15000,0.0260352,13
r_n150_p0.5_nA15_nB15_i1,heur_semigreedy2s_v2_a0.3,0,150,5585,15,15,FEASIBLE,3,13.9529,15000,0.0741327,76
r_n150_p0.75_nA15_nB30_i0,heur_semigreedy2s_v2_a0.3,0,150,8401,15,30,FEASIBLE,4,16.8265,15000,0.054716,41
r_n150_p0.25_nA30_nB15_i2,heur_semigreedy2s_v2_a0.3,0,150,2801,30,15,FEASIBLE,3,8.93181,15000,8.43438,14152
r_n100_p0.75_nA10_nB20_i0,heur_semigreedy2s_v2_a0.3,0,100,3749,10,20,FEASIBLE,3,3.97098,10000,0.0113125,19
r_n150_p0.75_nA30_nB15_i0,heur_semigreedy2s_v2_a0.3,0,150,8469,30,15,FEASIBLE,15,3.89138,15000,0.118011,425
r_n100_p0.5_nA10_nB10_i0,heur_semigreedy2s_v2_a0.3,0,100,2514,10,10,FEASIBLE,2,2.77609,10000,0.00627952,15
r_n100_p0.25_nA10_nB10_i1,heur_semigreedy2s_v2_a0.3,0,100,1244,10,10,FEASIBLE,1,1.93551,10000,0.0521068,243
r_n100_p0.25_nA10_nB20_i2,heur_semigreedy2s_v2_a0.3,0,100,1239,10,20,FEASIBLE,1,2.08012,10000,0.389895,1789
r_n100_p0.5_nA20_nB10_i0,heur_semigreedy2s_v2_a0.3,0,100,2477,20,10,FEASIBLE,5,2.62306,10000,0.0103858,38
r_n150_p0.25_nA30_nB30_i2,heur_semigreedy2s_v2_a0.3,0,150,2831,30,30,FEASIBLE,3,12.7537,15000,6.1189,7312
r_n100_p0.5_nA10_nB20_i1,heur_semigreedy2s_v2_a0.3,0,100,2527,10,20,FEASIBLE,2,3.57425,10000,0.00305811,3
r_n100_p0.5_nA20_nB20_i2,heur_semigreedy2s_v2_a0.3,0,100,2512,20,20,FEASIBLE,4,4.20924,10000,0.0582167,117
r_n150_p0.5_nA30_nB30_i1,heur_semigreedy2s_v2_a0.3,0,150,5527,30,30,FEASIBLE,6,23.8933,15000,0.529197,309
r_n100_p0.25_nA20_nB10_i2,heur_semigreedy2s_v2_a0.3,0,100,1220,20,10,FEASIBLE,3,2.35328,10000,0.000799395,1
r_n100_p0.75_nA10_nB10_i1,heur_semigreedy2s_v2_a0.3,0,100,3700,10,10,FEASIBLE,3,3.02469,10000,0.00347423,8
r_n100_p0.25_nA20_nB10_i1,heur_semigreedy2s_v2_a0.3,0,100,1211,20,10,FEASIBLE,2,2.42764,10000,1.19976,5072
r_n100_p0.5_nA10_nB20_i2,heur_semigreedy2s_v2_a0.3,0,100,2502,10,20,FEASIBLE,2,3.53018,10000,0.00727411,18
r_n150_p0.25_nA15_nB15_i0,heur_semigreedy2s_v2_a0.3,0,150,2838,15,15,FEASIBLE,2,7.11884,15000,0.00259151,4
r_n150_p0.75_nA30_nB15_i2,heur_semigreedy2s_v2_a0.3,0,150,8302,30,15,FEASIBLE,11,10.7514,15000,2.00936,2692
r_n100_p0.75_nA20_nB10_i1,heur_semigreedy2s_v2_a0.3,0,100,3688,20,10,FEASIBLE,7,2.94253,10000,0.0792596,218
r_n100_p0.5_nA10_nB10_i2,heur_semigreedy2s_v2_a0.3,0,100,2530,10,10,FEASIBLE,3,2.69554,10000,0.000417383,0
r_n100_p0.5_nA20_nB20_i0,heur_semigreedy2s_v2_a0.3,0,100,2427,20,20,FEASIBLE,4,4.23906,10000,0.0101521,16
r_n100_p0.75_nA20_nB20_i1,heur_semigreedy2s_v2_a0.3,0,100,3719,20,20,FEASIBLE,6,5.00591,10000,0.32763,636
r_n150_p0.5_nA30_nB30_i0,heur_semigreedy2s_v2_a0.3,0,150,5622,30,30,FEASIBLE,6,22.6097,15000,0.0339615,24
r_n150_p0.25_nA30_nB15_i0,heur_semigreedy2s_v2_a0.3,0,150,2744,30,15,FEASIBLE,4,8.63263,15000,0.0294882,41
r_n100_p0.5_nA20_nB10_i1,heur_semigreedy2s_v2_a0.3,0,100,2493,20,10,FEASIBLE,5,3.21024,10000,0.0154214,43
r_n100_p0.25_nA20_nB10_i0,heur_semigreedy2s_v2_a0.3,0,100,1254,20,10,FEASIBLE,3,2.19522,10000,0.00141833,4
r_n150_p0.5_nA30_nB15_i1,heur_semigreedy2s_v2_a0.3,0,150,5532,30,15,FEASIBLE,7,15.9828,15000,0.253657,249
r_n100_p0.75_nA10_nB20_i1,heur_semigreedy2s_v2_a0.3,0,100,3752,10,20,FEASIBLE,3,4.4184,10000,0.0194836,40
r_n150_p0.25_nA30_nB30_i0,heur_semigreedy2s_v2_a0.3,0,150,2776,30,30,FEASIBLE,4,13.1507,15000,0.00116304,0
r_n100_p0.5_nA20_nB20_i1,heur_semigreedy2s_v2_a0.3,0,100,2488,20,20,FEASIBLE,4,4.37613,10000,0.00874313,14
r_n100_p0.25_nA20_nB20_i0,heur_semigreedy2s_v2_a0.2,0,100,1186,20,20,FEASIBLE,3,2.72343,10000,0.000729794,1
r_n150_p0.75_nA15_nB15_i2,heur_semigreedy2s_v2_a0.2,0,150,8450,15,15,FEASIBLE,4,12.2243,15000,0.768409,952
r_n150_p0.25_nA15_nB15_i2,heur_semigreedy2s_v2_a0.2,0,150,2737,15,15,FEASIBLE,2,6.88343,15000,0.00412829,6
r_n150_p0.75_nA15_nB30_i1,heur_semigreedy2s_v2_a0.2,0,150,8396,15,30,FEASIBLE,4,16.963,15000,1.40876,1285
r_n150_p0.5_nA15_nB30_i2,heur_semigreedy2s_v2_a0.2,0,150,5571,15,30,FEASIBLE,3,20.269,15000,0.0238954,14
r_n150_p0.75_nA15_nB15_i1,heur_semigreedy2s_v2_a0.2,0,150,8391,15,15,FEASIBLE,4,12.428,15000,0.886031,1104
r_n100_p0.75_nA10_nB20_i2,heur_semigreedy2s_v2_a0.2,0,100,3726,10,20,FEASIBLE,3,4.24974,10000,0.16944,378
r_n100_p0.5_nA20_nB10_i2,heur_semigreedy2s_v2_a0.2,0,100,2426,20,10,FEASIBLE,4,3.15625,10000,0.0298669,96
r_n150_p0.75_nA15_nB15_i0,heur_semigreedy2s_v2_a0.2,0,150,8339,15,15,FEASIBLE,4,14.5918,15000,1.58579,1726
r_n100_p0.75_nA20_nB10_i2,heur_semigreedy2s_v2_a0.2,0,100,3690,20,10,FEASIBLE,8,1.92847,10000,0.00329004,14
r_n150_p0.25_nA15_nB30_i0,heur_semigreedy2s_v2_a0.2,0,150,2807,15,30,FEASIBLE,2,8.45666,15000,0.0112455,17
r_n100_p0.5_nA10_nB10_i1,heur_semigreedy2s_v2_a0.2,0,100,2429,10,10,FEASIBLE,2,2.70994,10000,0.0289839,101
r_n150_p0.25_nA30_nB30_i1,heur_semigreedy2s_v2_a0.2,0,150,2753,30,30,FEASIBLE,4,12.1002,15000,0.00109883,0
r_n150_p0.5_nA30_nB15_i0,heur_semigreedy2s_v2_a0.2,0,150,5641,30,15,FEASIBLE,7,17.1484,15000,0.035144,32
r_n100_p0.5_nA10_nB20_i0,heur_semigreedy2s_v2_a0.2,0,100,2512,10,20,FEASIBLE,2,3.91425,10000,0.0186589,23
r_n150_p0.5_nA15_nB15_i0,heur_semigreedy2s_v2_a0.2,0,150,5546,15,15,FEASIBLE,3,16.0543,15000,0.0238589,23
r_n100_p0.75_nA20_nB20_i2,heur_semigreedy2s_v2_a0.2,0,100,3677,20,20,FEASIBLE,6,4.85008,10000,0.630603,1319
r_n150_p0.25_nA30_nB15_i1,heur_semigreedy2s_v2_a0.2,0,150,2805,30,15,FEASIBLE,4,8.99849,15000,0.0115952,15
r_n150_p0.5_nA15_nB30_i0,heur_semigreedy2s_v2_a0.2,0,150,5614,15,30,FEASIBLE,3,17.6381,15000,0.00375579,1
r_n150_p0.75_nA15_nB30_i2,heur_semigreedy2s_v2_a0.2,0,150,8362,15,30,FEASIBLE,4,16.663,15000,0.342731,308
r_n150_p0.25_nA15_nB30_i2,heur_semigreedy2s_v2_a0.2,0,150,2772,15,30,FEASIBLE,2,8.13012,15000,0.00497913,8
r_n150_p0.75_nA30_nB30_i2,heur_semigreedy2s_v2_a0.2,0,150,8301,30,30,FEASIBLE,8,39.2705,15000,1.09192,287
r_n150_p0.75_nA30_nB30_i0,heur_semigreedy2s_v2_a0.2,0,150,8404,30,30,FEASIBLE,9,27.5793,15000,0.164329,91
r_n150_p0.25_nA15_nB30_i1,heur_semigreedy2s_v2_a0.2,0,150,2756,15,30,FEASIBLE,2,8.89008,15000,0.0016497,1
r_n150_p0.75_nA30_nB15_i1,heur_semigreedy2s_v2_a0.2,0,150,8405,30,15,FEASIBLE,9,8.03059,15000,2.12731,3872
r_n100_p0.25_nA10_nB20_i1,heur_semigreedy2s_v2_a0.2,0,100,1262,10,20,FEASIBLE,2,2.03639,10000,0.00037944,0
r_n100_p0.25_nA20_nB20_i2,heur_semigreedy2s_v2_a0.2,0,100,1245,20,20,FEASIBLE,3,2.71667,10000,0.000637832,1
r_n100_p0.25_nA10_nB10_i0,heur_semigreedy2s_v2_a0.2,0,100,1244,10,10,FEASIBLE,1,1.82836,10000,0.307408,1623
r_n100_p0.25_nA10_nB10_i2,heur_semigreedy2s_v2_a0.2,0,100,1275,10,10,FEASIBLE,1,1.85624,10000,0.00370397,14
r_n100_p0.25_nA20_nB20_i1,heur_semigreedy2s_v2_a0.2,0,100,1269,20,20,FEASIBLE,3,2.68221,10000,0.000361322,0
r_n150_p0.25_nA15_nB15_i1,heur_semigreedy2s_v2_a0.2,0,150,2818,15,15,FEASIBLE,2,7.67394,15000,0.00596487,9
r_n100_p0.25_nA10_nB20_i0,heur_semigreedy2s_v2_a0.2,0,100,1228,10,20,FEASIBLE,1,2.02932,10000,0.0115571,52
r_n100_p0.75_nA10_nB10_i0,heur_semigreedy2s_v2_a0.2,0,100,3716,10,10,FEASIBLE,3,2.9481,10000,0.00518889,14
r_n150_p0.5_nA15_nB15_i2,heur_semigreedy2s_v2_a0.2,0,150,5579,15,15,FEASIBLE,3,13.5748,15000,0.0257694,24
r_n100_p0.75_nA20_nB20_i0,heur_semigreedy2s_v2_a0.2,0,100,3723,20,20,FEASIBLE,6,4.90942,10000,0.318693,640
r_n100_p0.75_nA20_nB10_i0,heur_semigreedy2s_v2_a0.2,0,100,3729,20,10,FEASIBLE,7,1.71579,10000,0.394477,2199
r_n150_p0.5_nA15_nB30_i1,heur_semigreedy2s_v2_a0.2,0,150,5608,15,30,FEASIBLE,3,19.7252,15000,0.0196558,16
r_n100_p0.75_nA10_nB10_i2,heur_semigreedy2s_v2_a0.2,0,100,3709,10,10,FEASIBLE,3,3.08795,10000,0.00701644,16
r_n150_p0.5_nA30_nB30_i2,heur_semigreedy2s_v2_a0.2,0,150,5621,30,30,FEASIBLE,6,21.9289,15000,0.0512548,27
r_n150_p0.5_nA30_nB15_i2,heur_semigreedy2s_v2_a0.2,0,150,5583,30,15,FEASIBLE,6,16.6783,15000,1.53571,1477
r_n150_p0.75_nA30_nB30_i1,heur_semigreedy2s_v2_a0.2,0,150,8343,30,30,FEASIBLE,9,27.9463,15000,0.0205948,10
r_n150_p0.5_nA15_nB15_i1,heur_semigreedy2s_v2_a0.2,0,150,5585,15,15,FEASIBLE,3,13.113,15000,0.0563453,60
r_n150_p0.75_nA15_nB30_i0,heur_semigreedy2s_v2_a0.2,0,150,8401,15,30,FEASIBLE,4,17.3505,15000,0.2394,207
r_n150_p0.25_nA30_nB15_i2,heur_semigreedy2s_v2_a0.2,0,150,2801,30,15,FEASIBLE,3,8.60342,15000,3.0144,5323
r_n100_p0.75_nA10_nB20_i0,heur_semigreedy2s_v2_a0.2,0,100,3749,10,20,FEASIBLE,3,3.93087,10000,0.00644537,13
r_n150_p0.75_nA30_nB15_i0,heur_semigreedy2s_v2_a0.2,0,150,8469,30,15,FEASIBLE,15,3.88297,15000,0.119811,425
r_n100_p0.5_nA10_nB10_i0,heur_semigreedy2s_v2_a0.2,0,100,2514,10,10,FEASIBLE,2,2.75868,10000,0.015152,45
r_n100_p0.25_nA10_nB10_i1,heur_semigreedy2s_v2_a0.2,0,100,1244,10,10,FEASIBLE,1,1.87832,10000,0.0567958,279
r_n100_p0.25_nA10_nB20_i2,heur_semigreedy2s_v2_a0.2,0,100,1239,10,20,FEASIBLE,1,2.07637,10000,0.0556069,236
r_n100_p0.5_nA20_nB10_i0,heur_semigreedy2s_v2_a0.2,0,100,2477,20,10,FEASIBLE,5,2.72322,10000,0.0105846,38
r_n150_p0.25_nA30_nB30_i2,heur_semigreedy2s_v2_a0.2,0,150,2831,30,30,FEASIBLE,3,12.7161,15000,3.63824,4320
r_n100_p0.5_nA10_nB20_i1,heur_semigreedy2s_v2_a0.2,0,100,2527,10,20,FEASIBLE,2,4.12909,10000,0.0276383,62
r_n100_p0.5_nA20_nB20_i2,heur_semigreedy2s_v2_a0.2,0,100,2512,20,20,FEASIBLE,4,4.25627,10000,0.0138969,24
r_n150_p0.5_nA30_nB30_i1,heur_semigreedy2s_v2_a0.2,0,150,5527,30,30,FEASIBLE,6,20.7096,15000,0.0495054,33
r_n100_p0.25_nA20_nB10_i2,heur_semigreedy2s_v2_a0.2,0,100,1220,20,10,FEASIBLE,3,2.33416,10000,0.000663418,1
r_n100_p0.75_nA10_nB10_i1,heur_semigreedy2s_v2_a0.2,0,100,3700,10,10,FEASIBLE,3,3.03559,10000,0.00368054,8
r_n100_p0.25_nA20_nB10_i1,heur_semigreedy2s_v2_a0.2,0,100,1211,20,10,FEASIBLE,2,2.34812,10000,1.17521,5047
r_n100_p0.5_nA10_nB20_i2,heur_semigreedy2s_v2_a0.2,0,100,2502,10,20,FEASIBLE,2,3.56778,10000,0.00176396,2
r_n150_p0.25_nA15_nB15_i0,heur_semigreedy2s_v2_a0.2,0,150,2838,15,15,FEASIBLE,2,7.15163,15000,0.00248596,3
r_n150_p0.75_nA30_nB15_i2,heur_semigreedy2s_v2_a0.2,0,150,8302,30,15,FEASIBLE,11,11.7172,15000,2.09195,2692
r_n100_p0.75_nA20_nB10_i1,heur_semigreedy2s_v2_a0.2,0,100,3688,20,10,FEASIBLE,7,2.93484,10000,0.0751177,218
r_n100_p0.5_nA10_nB10_i2,heur_semigreedy2s_v2_a0.2,0,100,2530,10,10,FEASIBLE,3,2.68007,10000,0.000648252,0
r_n100_p0.5_nA20_nB20_i0,heur_semigreedy2s_v2_a0.2,0,100,2427,20,20,FEASIBLE,4,4.20925,10000,0.00351769,7
r_n100_p0.75_nA20_nB20_i1,heur_semigreedy2s_v2_a0.2,0,100,3719,20,20,FEASIBLE,6,5.00696,10000,0.0501864,75
r_n150_p0.5_nA30_nB30_i0,heur_semigreedy2s_v2_a0.2,0,150,5622,30,30,FEASIBLE,6,22.3365,15000,0.0181349,12
r_n150_p0.25_nA30_nB15_i0,heur_semigreedy2s_v2_a0.2,0,150,2744,30,15,FEASIBLE,4,8.62725,15000,0.0700353,107
r_n100_p0.5_nA20_nB10_i1,heur_semigreedy2s_v2_a0.2,0,100,2493,20,10,FEASIBLE,5,3.26368,10000,0.0168219,43
r_n100_p0.25_nA20_nB10_i0,heur_semigreedy2s_v2_a0.2,0,100,1254,20,10,FEASIBLE,3,2.19863,10000,0.00127766,4
r_n150_p0.5_nA30_nB15_i1,heur_semigreedy2s_v2_a0.2,0,150,5532,30,15,FEASIBLE,6,16.1616,15000,1.5474,1156
r_n100_p0.75_nA10_nB20_i1,heur_semigreedy2s_v2_a0.2,0,100,3752,10,20,FEASIBLE,3,4.41819,10000,0.0124121,19
r_n150_p0.25_nA30_nB30_i0,heur_semigreedy2s_v2_a0.2,0,150,2776,30,30,FEASIBLE,3,15.3354,15000,0.32694,314
r_n100_p0.5_nA20_nB20_i1,heur_semigreedy2s_v2_a0.2,0,100,2488,20,20,FEASIBLE,4,4.37696,10000,0.0516658,97
r_n100_p0.25_nA20_nB20_i0,heur_semigreedy2s_v2_a0.1,0,100,1186,20,20,FEASIBLE,3,2.68472,10000,0.000657307,1
r_n150_p0.75_nA15_nB15_i2,heur_semigreedy2s_v2_a0.1,0,150,8450,15,15,FEASIBLE,4,12.8966,15000,0.791442,952
r_n150_p0.25_nA15_nB15_i2,heur_semigreedy2s_v2_a0.1,0,150,2737,15,15,FEASIBLE,2,6.97741,15000,0.00190767,1
r_n150_p0.75_nA15_nB30_i1,heur_semigreedy2s_v2_a0.1,0,150,8396,15,30,FEASIBLE,4,17.2599,15000,0.128324,105
r_n150_p0.5_nA15_nB30_i2,heur_semigreedy2s_v2_a0.1,0,150,5571,15,30,FEASIBLE,3,21.1104,15000,0.00230818,0
r_n150_p0.75_nA15_nB15_i1,heur_semigreedy2s_v2_a0.1,0,150,8391,15,15,FEASIBLE,4,12.3955,15000,0.877926,1104
r_n100_p0.75_nA10_nB20_i2,heur_semigreedy2s_v2_a0.1,0,100,3726,10,20,FEASIBLE,3,4.19295,10000,0.0506305,95
r_n100_p0.5_nA20_nB10_i2,heur_semigreedy2s_v2_a0.1,0,100,2426,20,10,FEASIBLE,4,3.16565,10000,0.0344649,96
r_n150_p0.75_nA15_nB15_i0,heur_semigreedy2s_v2_a0.1,0,150,8339,15,15,FEASIBLE,4,16.5217,15000,1.99142,1733
r_n100_p0.75_nA20_nB10_i2,heur_semigreedy2s_v2_a0.1,0,100,3690,20,10,FEASIBLE,8,1.94016,10000,0.00455397,14
r_n150_p0.25_nA15_nB30_i0,heur_semigreedy2s_v2_a0.1,0,150,2807,15,30,FEASIBLE,2,8.39997,15000,0.0239414,42
r_n100_p0.5_nA10_nB10_i1,heur_semigreedy2s_v2_a0.1,0,100,2429,10,10,FEASIBLE,2,2.73572,10000,0.0304746,101
r_n150_p0.25_nA30_nB30_i1,heur_semigreedy2s_v2_a0.1,0,150,2753,30,30,FEASIBLE,4,12.503,15000,0.0054058,4
r_n150_p0.5_nA30_nB15_i0,heur_semigreedy2s_v2_a0.1,0,150,5641,30,15,FEASIBLE,6,17.9542,15000,4.86487,4121
r_n100_p0.5_nA10_nB20_i0,heur_semigreedy2s_v2_a0.1,0,100,2512,10,20,FEASIBLE,2,3.62759,10000,0.000648442,0
r_n150_p0.5_nA15_nB15_i0,heur_semigreedy2s_v2_a0.1,0,150,5546,15,15,FEASIBLE,3,13.1218,15000,0.00940467,10
r_n100_p0.75_nA20_nB20_i2,heur_semigreedy2s_v2_a0.1,0,100,3677,20,20,FEASIBLE,6,4.86806,10000,0.636228,1323
r_n150_p0.25_nA30_nB15_i1,heur_semigreedy2s_v2_a0.1,0,150,2805,30,15,FEASIBLE,4,9.63677,15000,0.0819935,130
r_n150_p0.5_nA15_nB30_i0,heur_semigreedy2s_v2_a0.1,0,150,5614,15,30,FEASIBLE,3,17.7862,15000,0.0467494,31
r_n150_p0.75_nA15_nB30_i2,heur_semigreedy2s_v2_a0.1,0,150,8362,15,30,FEASIBLE,4,16.4528,15000,0.887809,814
r_n150_p0.25_nA15_nB30_i2,heur_semigreedy2s_v2_a0.1,0,150,2772,15,30,FEASIBLE,2,8.04777,15000,0.00360426,4
r_n150_p0.75_nA30_nB30_i2,heur_semigreedy2s_v2_a0.1,0,150,8301,30,30,FEASIBLE,8,56.0164,15000,0.10214,23
r_n150_p0.75_nA30_nB30_i0,heur_semigreedy2s_v2_a0.1,0,150,8404,30,30,FEASIBLE,8,24.3153,15000,13.723,8211
r_n150_p0.25_nA15_nB30_i1,heur_semigreedy2s_v2_a0.1,0,150,2756,15,30,FEASIBLE,2,8.51479,15000,0.00767535,9
r_n150_p0.75_nA30_nB15_i1,heur_semigreedy2s_v2_a0.1,0,150,8405,30,15,FEASIBLE,9,7.90202,15000,2.03859,3872
r_n100_p0.25_nA10_nB20_i1,heur_semigreedy2s_v2_a0.1,0,100,1262,10,20,FEASIBLE,2,2.02808,10000,0.000302982,0
r_n100_p0.25_nA20_nB20_i2,heur_semigreedy2s_v2_a0.1,0,100,1245,20,20,FEASIBLE,3,2.82056,10000,0.000472219,0
r_n100_p0.25_nA10_nB10_i0,heur_semigreedy2s_v2_a0.1,0,100,1244,10,10,FEASIBLE,1,1.8822,10000,0.106882,519
r_n100_p0.25_nA10_nB10_i2,heur_semigreedy2s_v2_a0.1,0,100,1275,10,10,FEASIBLE,1,1.81107,10000,0.0125583,59
r_n100_p0.25_nA20_nB20_i1,heur_semigreedy2s_v2_a0.1,0,100,1269,20,20,FEASIBLE,3,2.7166,10000,0.00116392,2
r_n150_p0.25_nA15_nB15_i1,heur_semigreedy2s_v2_a0.1,0,150,2818,15,15,FEASIBLE,2,7.68781,15000,0.0116968,15
r_n100_p0.25_nA10_nB20_i0,heur_semigreedy2s_v2_a0.1,0,100,1228,10,20,FEASIBLE,2,2.02645,10000,0.000502937,0
r_n100_p0.75_nA10_nB10_i0,heur_semigreedy2s_v2_a0.1,0,100,3716,10,10,FEASIBLE,3,2.94721,10000,0.00709669,14
r_n150_p0.5_nA15_nB15_i2,heur_semigreedy2s_v2_a0.1,0,150,5579,15,15,FEASIBLE,3,14.0684,15000,0.034168,24
r_n100_p0.75_nA20_nB20_i0,heur_semigreedy2s_v2_a0.1,0,100,3723,20,20,FEASIBLE,6,4.92082,10000,0.312617,638
r_n100_p0.75_nA20_nB10_i0,heur_semigreedy2s_v2_a0.1,0,100,3729,20,10,FEASIBLE,7,1.71273,10000,0.392674,2199
r_n150_p0.5_nA15_nB30_i1,heur_semigreedy2s_v2_a0.1,0,150,5608,15,30,FEASIBLE,3,18.9733,15000,0.0048966,3
r_n100_p0.75_nA10_nB10_i2,heur_semigreedy2s_v2_a0.1,0,100,3709,10,10,FEASIBLE,3,3.04477,10000,0.0073777,16
r_n150_p0.5_nA30_nB30_i2,heur_semigreedy2s_v2_a0.1,0,150,5621,30,30,FEASIBLE,6,20.9409,15000,0.0275086,17
r_n150_p0.5_nA30_nB15_i2,heur_semigreedy2s_v2_a0.1,0,150,5583,30,15,FEASIBLE,6,16.1251,15000,7.05886,6631
r_n150_p0.75_nA30_nB30_i1,heur_semigreedy2s_v2_a0.1,0,150,8343,30,30,FEASIBLE,9,28.5813,15000,0.00516377,2
r_n150_p0.5_nA15_nB15_i1,heur_semigreedy2s_v2_a0.1,0,150,5585,15,15,FEASIBLE,3,13.3527,15000,0.0200244,18
r_n150_p0.75_nA15_nB30_i0,heur_semigreedy2s_v2_a0.1,0,150,8401,15,30,FEASIBLE,4,16.7941,15000,0.109986,88
r_n150_p0.25_nA30_nB15_i2,heur_semigreedy2s_v2_a0.1,0,150,2801,30,15,FEASIBLE,3,8.55906,15000,6.54333,11502
r_n100_p0.75_nA10_nB20_i0,heur_semigreedy2s_v2_a0.1,0,100,3749,10,20,FEASIBLE,3,3.94518,10000,0.00663498,14
r_n150_p0.75_nA30_nB15_i0,heur_semigreedy2s_v2_a0.1,0,150,8469,30,15,FEASIBLE,15,3.88845,15000,0.119992,425
r_n100_p0.5_nA10_nB10_i0,heur_semigreedy2s_v2_a0.1,0,100,2514,10,10,FEASIBLE,2,2.77019,10000,0.0157898,45
r_n100_p0.25_nA10_nB10_i1,heur_semigreedy2s_v2_a0.1,0,100,1244,10,10,FEASIBLE,1,1.83353,10000,0.152314,798
r_n100_p0.25_nA10_nB20_i2,heur_semigreedy2s_v2_a0.1,0,100,1239,10,20,FEASIBLE,2,2.25118,10000,0.000561332,0
r_n100_p0.5_nA20_nB10_i0,heur_semigreedy2s_v2_a0.1,0,100,2477,20,10,FEASIBLE,5,2.574,10000,0.0120335,38
r_n150_p0.25_nA30_nB30_i2,heur_semigreedy2s_v2_a0.1,0,150,2831,30,30,FEASIBLE,3,12.6288,15000,0.181543,219
r_n100_p0.5_nA10_nB20_i1,heur_semigreedy2s_v2_a0.1,0,100,2527,10,20,FEASIBLE,2,3.78301,10000,0.0210815,49
r_n100_p0.5_nA20_nB20_i2,heur_semigreedy2s_v2_a0.1,0,100,2512,20,20,FEASIBLE,4,4.22986,10000,0.0795648,170
r_n150_p0.5_nA30_nB30_i1,heur_semigreedy2s_v2_a0.1,0,150,5527,30,30,FEASIBLE,6,20.9018,15000,0.151722,108
r_n100_p0.25_nA20_nB10_i2,heur_semigreedy2s_v2_a0.1,0,100,1220,20,10,FEASIBLE,3,2.34801,10000,0.00217171,5
r_n100_p0.75_nA10_nB10_i1,heur_semigreedy2s_v2_a0.1,0,100,3700,10,10,FEASIBLE,3,3.04204,10000,0.00419214,8
r_n100_p0.25_nA20_nB10_i1,heur_semigreedy2s_v2_a0.1,0,100,1211,20,10,FEASIBLE,3,2.34066,10000,0.00109752,2
r_n100_p0.5_nA10_nB20_i2,heur_semigreedy2s_v2_a0.1,0,100,2502,10,20,FEASIBLE,2,3.56213,10000,0.00159481,2
r_n150_p0.25_nA15_nB15_i0,heur_semigreedy2s_v2_a0.1,0,150,2838,15,15,FEASIBLE,2,7.03887,15000,0.000841923,0
r_n150_p0.75_nA30_nB15_i2,heur_semigreedy2s_v2_a0.1,0,150,8302,30,15,FEASIBLE,11,8.92712,15000,1.43422,2692
r_n100_p0.75_nA20_nB10_i1,heur_semigreedy2s_v2_a0.1,0,100,3688,20,10,FEASIBLE,7,2.94004,10000,0.0741799,218
r_n100_p0.5_nA10_nB10_i2,heur_semigreedy2s_v2_a0.1,0,100,2530,10,10,FEASIBLE,3,2.65803,10000,0.00049504,0
r_n100_p0.5_nA20_nB20_i0,heur_semigreedy2s_v2_a0.1,0,100,2427,20,20,FEASIBLE,4,4.17911,10000,0.0365209,78
r_n100_p0.75_nA20_nB20_i1,heur_semigreedy2s_v2_a0.1,0,100,3719,20,20,FEASIBLE,6,4.96192,10000,0.0448543,77
r_n150_p0.5_nA30_nB30_i0,heur_semigreedy2s_v2_a0.1,0,150,5622,30,30,FEASIBLE,6,22.2127,15000,0.00210209,0
r_n150_p0.25_nA30_nB15_i0,heur_semigreedy2s_v2_a0.1,0,150,2744,30,15,FEASIBLE,4,8.58595,15000,0.0017489,1
r_n100_p0.5_nA20_nB10_i1,heur_semigreedy2s_v2_a0.1,0,100,2493,20,10,FEASIBLE,5,3.56344,10000,0.0165237,43
r_n100_p0.25_nA20_nB10_i0,heur_semigreedy2s_v2_a0.1,0,100,1254,20,10,FEASIBLE,3,2.34155,10000,0.00240179,4
r_n150_p0.5_nA30_nB15_i1,heur_semigreedy2s_v2_a0.1,0,150,5532,30,15,FEASIBLE,6,15.8214,15000,1.26044,1161
r_n100_p0.75_nA10_nB20_i1,heur_semigreedy2s_v2_a0.1,0,100,3752,10,20,FEASIBLE,3,4.42877,10000,0.0108241,19
r_n150_p0.25_nA30_nB30_i0,heur_semigreedy2s_v2_a0.1,0,150,2776,30,30,FEASIBLE,4,19.8735,15000,0.00238888,0
r_n100_p0.5_nA20_nB20_i1,heur_semigreedy2s_v2_a0.1,0,100,2488,20,20,FEASIBLE,4,4.37895,10000,0.00658018,12
r_n100_p0.25_nA20_nB20_i0,heur_semigreedy2s_v2_a0.4,0,100,1186,20,20,FEASIBLE,2,2.74825,10000,2.14525,7778
r_n150_p0.75_nA15_nB15_i2,heur_semigreedy2s_v2_a0.4,0,150,8450,15,15,FEASIBLE,5,12.3207,15000,0.0326961,18
r_n150_p0.25_nA15_nB15_i2,heur_semigreedy2s_v2_a0.4,0,150,2737,15,15,FEASIBLE,2,7.50273,15000,0.00566122,7
r_n150_p0.75_nA15_nB30_i1,heur_semigreedy2s_v2_a0.4,0,150,8396,15,30,FEASIBLE,4,17.086,15000,6.88242,6206
r_n150_p0.5_nA15_nB30_i2,heur_semigreedy2s_v2_a0.4,0,150,5571,15,30,FEASIBLE,3,20.1884,15000,0.176866,130
r_n150_p0.75_nA15_nB15_i1,heur_semigreedy2s_v2_a0.4,0,150,8391,15,15,FEASIBLE,4,12.3289,15000,2.13104,2661
r_n100_p0.75_nA10_nB20_i2,heur_semigreedy2s_v2_a0.4,0,100,3726,10,20,FEASIBLE,3,4.20473,10000,0.682449,1589
r_n100_p0.5_nA20_nB10_i2,heur_semigreedy2s_v2_a0.4,0,100,2426,20,10,FEASIBLE,4,3.17244,10000,0.0231754,70
r_n150_p0.75_nA15_nB15_i0,heur_semigreedy2s_v2_a0.4,0,150,8339,15,15,FEASIBLE,4,12.5233,15000,0.41404,490
r_n100_p0.75_nA20_nB10_i2,heur_semigreedy2s_v2_a0.4,0,100,3690,20,10,FEASIBLE,8,1.9523,10000,0.00363521,14
r_n150_p0.25_nA15_nB30_i0,heur_semigreedy2s_v2_a0.4,0,150,2807,15,30,FEASIBLE,2,8.66513,15000,0.00831472,12
r_n100_p0.5_nA10_nB10_i1,heur_semigreedy2s_v2_a0.4,0,100,2429,10,10,FEASIBLE,2,2.70945,10000,0.0411138,149
r_n150_p0.25_nA30_nB30_i1,heur_semigreedy2s_v2_a0.4,0,150,2753,30,30,FEASIBLE,4,12.2132,15000,0.00112623,0
r_n150_p0.5_nA30_nB15_i0,heur_semigreedy2s_v2_a0.4,0,150,5641,30,15,FEASIBLE,7,17.1097,15000,0.569941,528
r_n100_p0.5_nA10_nB20_i0,heur_semigreedy2s_v2_a0.4,0,100,2512,10,20,FEASIBLE,2,3.66916,10000,0.0142608,38
r_n150_p0.5_nA15_nB15_i0,heur_semigreedy2s_v2_a0.4,0,150,5546,15,15,FEASIBLE,3,13.7101,15000,0.00714215,5
r_n100_p0.75_nA20_nB20_i2,heur_semigreedy2s_v2_a0.4,0,100,3677,20,20,FEASIBLE,6,4.85687,10000,0.123848,230
r_n150_p0.25_nA30_nB15_i1,heur_semigreedy2s_v2_a0.4,0,150,2805,30,15,FEASIBLE,4,8.94641,15000,0.0211531,30
r_n150_p0.5_nA15_nB30_i0,heur_semigreedy2s_v2_a0.4,0,150,5614,15,30,FEASIBLE,3,24.7954,15000,0.0725104,54
r_n150_p0.75_nA15_nB30_i2,heur_semigreedy2s_v2_a0.4,0,150,8362,15,30,FEASIBLE,4,16.5474,15000,0.345164,299
r_n150_p0.25_nA15_nB30_i2,heur_semigreedy2s_v2_a0.4,0,150,2772,15,30,FEASIBLE,2,8.18876,15000,0.0157378,24
r_n150_p0.75_nA30_nB30_i2,heur_semigreedy2s_v2_a0.4,0,150,8301,30,30,FEASIBLE,8,42.3054,15000,0.133692,32
r_n150_p0.75_nA30_nB30_i0,heur_semigreedy2s_v2_a0.4,0,150,8404,30,30,FEASIBLE,9,23.4217,15000,0.0262555,11
r_n150_p0.25_nA15_nB30_i1,heur_semigreedy2s_v2_a0.4,0,150,2756,15,30,FEASIBLE,2,8.19071,15000,0.00215675,3
r_n150_p0.75_nA30_nB15_i1,heur_semigreedy2s_v2_a0.4,0,150,8405,30,15,FEASIBLE,9,7.90751,15000,2.04697,3877
r_n100_p0.25_nA10_nB20_i1,heur_semigreedy2s_v2_a0.4,0,100,1262,10,20,FEASIBLE,2,2.11889,10000,0.000500929,0
r_n100_p0.25_nA20_nB20_i2,heur_semigreedy2s_v2_a0.4,0,100,1245,20,20,FEASIBLE,3,2.76876,10000,0.000374695,0
r_n100_p0.25_nA10_nB10_i0,heur_semigreedy2s_v2_a0.4,0,100,1244,10,10,FEASIBLE,2,1.90104,10000,0.000496552,1
r_n100_p0.25_nA10_nB10_i2,heur_semigreedy2s_v2_a0.4,0,100,1275,10,10,FEASIBLE,1,1.87009,10000,0.408688,2135
r_n100_p0.25_nA20_nB20_i1,heur_semigreedy2s_v2_a0.4,0,100,1269,20,20,FEASIBLE,3,2.79206,10000,0.00126425,2
r_n150_p0.25_nA15_nB15_i1,heur_semigreedy2s_v2_a0.4,0,150,2818,15,15,FEASIBLE,2,8.55906,15000,0.00725501,13
r_n100_p0.25_nA10_nB20_i0,heur_semigreedy2s_v2_a0.4,0,100,1228,10,20,FEASIBLE,1,2.06509,10000,0.13994,635
r_n100_p0.75_nA10_nB10_i0,heur_semigreedy2s_v2_a0.4,0,100,3716,10,10,FEASIBLE,3,2.96436,10000,0.00881382,20
r_n150_p0.5_nA15_nB15_i2,heur_semigreedy2s_v2_a0.4,0,150,5579,15,15,FEASIBLE,3,13.7291,15000,0.0132349,12
r_n100_p0.75_nA20_nB20_i0,heur_semigreedy2s_v2_a0.4,0,100,3723,20,20,FEASIBLE,6,4.96674,10000,0.326569,648
r_n100_p0.75_nA20_nB10_i0,heur_semigreedy2s_v2_a0.4,0,100,3729,20,10,FEASIBLE,7,1.73849,10000,0.395028,2199
r_n150_p0.5_nA15_nB30_i1,heur_semigreedy2s_v2_a0.4,0,150,5608,15,30,FEASIBLE,3,19.4938,15000,0.054658,37
r_n100_p0.75_nA10_nB10_i2,heur_semigreedy2s_v2_a0.4,0,100,3709,10,10,FEASIBLE,3,3.03615,10000,0.00594192,16
r_n150_p0.5_nA30_nB30_i2,heur_semigreedy2s_v2_a0.4,0,150,5621,30,30,FEASIBLE,6,18.4591,15000,0.231594,187
r_n150_p0.5_nA30_nB15_i2,heur_semigreedy2s_v2_a0.4,0,150,5583,30,15,FEASIBLE,6,16.7731,15000,0.63897,606
r_n150_p0.75_nA30_nB30_i1,heur_semigreedy2s_v2_a0.4,0,150,8343,30,30,FEASIBLE,9,33.8532,15000,0.087496,44
r_n150_p0.5_nA15_nB15_i1,heur_semigreedy2s_v2_a0.4,0,150,5585,15,15,FEASIBLE,3,13.5549,15000,0.115299,118
r_n150_p0.75_nA15_nB30_i0,heur_semigreedy2s_v2_a0.4,0,150,8401,15,30,FEASIBLE,4,16.7984,15000,10.8037,9776
r_n150_p0.25_nA30_nB15_i2,heur_semigreedy2s_v2_a0.4,0,150,2801,30,15,FEASIBLE,4,8.82061,15000,0.0015794,1
r_n100_p0.75_nA10_nB20_i0,heur_semigreedy2s_v2_a0.4,0,100,3749,10,20,FEASIBLE,3,4.02393,10000,0.0153624,34
r_n150_p0.75_nA30_nB15_i0,heur_semigreedy2s_v2_a0.4,0,150,8469,30,15,FEASIBLE,15,3.87642,15000,0.119399,425
r_n100_p0.5_nA10_nB10_i0,heur_semigreedy2s_v2_a0.4,0,100,2514,10,10,FEASIBLE,2,2.76679,10000,0.0094722,26
r_n100_p0.25_nA10_nB10_i1,heur_semigreedy2s_v2_a0.4,0,100,1244,10,10,FEASIBLE,1,1.84037,10000,0.510765,2712
r_n100_p0.25_nA10_nB20_i2,heur_semigreedy2s_v2_a0.4,0,100,1239,10,20,FEASIBLE,1,2.19759,10000,0.453623,1757
r_n100_p0.5_nA20_nB10_i0,heur_semigreedy2s_v2_a0.4,0,100,2477,20,10,FEASIBLE,5,2.77305,10000,0.0106616,38
r_n150_p0.25_nA30_nB30_i2,heur_semigreedy2s_v2_a0.4,0,150,2831,30,30,FEASIBLE,4,12.8284,15000,0.00505074,4
r_n100_p0.5_nA10_nB20_i1,heur_semigreedy2s_v2_a0.4,0,100,2527,10,20,FEASIBLE,2,3.71608,10000,0.0202338,55
r_n100_p0.5_nA20_nB20_i2,heur_semigreedy2s_v2_a0.4,0,100,2512,20,20,FEASIBLE,4,4.31156,10000,0.0353394,44
r_n150_p0.5_nA30_nB30_i1,heur_semigreedy2s_v2_a0.4,0,150,5527,30,30,FEASIBLE,6,25.6288,15000,0.247457,174
r_n100_p0.25_nA20_nB10_i2,heur_semigreedy2s_v2_a0.4,0,100,1220,20,10,FEASIBLE,3,2.35406,10000,0.000767868,1
r_n100_p0.75_nA10_nB10_i1,heur_semigreedy2s_v2_a0.4,0,100,3700,10,10,FEASIBLE,3,3.04872,10000,0.0170009,49
r_n100_p0.25_nA20_nB10_i1,heur_semigreedy2s_v2_a0.4,0,100,1211,20,10,FEASIBLE,3,2.77063,10000,0.000666954,1
r_n100_p0.5_nA10_nB20_i2,heur_semigreedy2s_v2_a0.4,0,100,2502,10,20,FEASIBLE,2,3.65407,10000,0.0397605,98
r_n150_p0.25_nA15_nB15_i0,heur_semigreedy2s_v2_a0.4,0,150,2838,15,15,FEASIBLE,2,7.61905,15000,0.0136734,26
r_n150_p0.75_nA30_nB15_i2,heur_semigreedy2s_v2_a0.4,0,150,8302,30,15,FEASIBLE,11,8.3026,15000,1.49343,2691
r_n100_p0.75_nA20_nB10_i1,heur_semigreedy2s_v2_a0.4,0,100,3688,20,10,FEASIBLE,7,2.93581,10000,0.0747459,218
r_n100_p0.5_nA10_nB10_i2,heur_semigreedy2s_v2_a0.4,0,100,2530,10,10,FEASIBLE,3,2.75988,10000,0.00044218,0
r_n100_p0.5_nA20_nB20_i0,heur_semigreedy2s_v2_a0.4,0,100,2427,20,20,FEASIBLE,4,4.34841,10000,0.0549245,110
r_n100_p0.75_nA20_nB20_i1,heur_semigreedy2s_v2_a0.4,0,100,3719,20,20,FEASIBLE,6,4.99282,10000,0.130642,230
r_n150_p0.5_nA30_nB30_i0,heur_semigreedy2s_v2_a0.4,0,150,5622,30,30,FEASIBLE,6,22.1055,15000,0.0253014,18
r_n150_p0.25_nA30_nB15_i0,heur_semigreedy2s_v2_a0.4,0,150,2744,30,15,FEASIBLE,4,8.69473,15000,0.124017,198
r_n100_p0.5_nA20_nB10_i1,heur_semigreedy2s_v2_a0.4,0,100,2493,20,10,FEASIBLE,5,3.13927,10000,0.0170178,43
r_n100_p0.25_nA20_nB10_i0,heur_semigreedy2s_v2_a0.4,0,100,1254,20,10,FEASIBLE,3,2.21041,10000,0.00302836,11
r_n150_p0.5_nA30_nB15_i1,heur_semigreedy2s_v2_a0.4,0,150,5532,30,15,FEASIBLE,7,15.8805,15000,0.0463289,36
r_n100_p0.75_nA10_nB20_i1,heur_semigreedy2s_v2_a0.4,0,100,3752,10,20,FEASIBLE,3,4.39339,10000,0.0024092,4
r_n150_p0.25_nA30_nB30_i0,heur_semigreedy2s_v2_a0.4,0,150,2776,30,30,FEASIBLE,4,12.7415,15000,0.00340522,3
r_n100_p0.5_nA20_nB20_i1,heur_semigreedy2s_v2_a0.4,0,100,2488,20,20,FEASIBLE,4,4.42884,10000,0.0440541,80
r_n100_p0.25_nA20_nB20_i0,heur_semigreedy2s_v3_a0.3,0,100,1186,20,20,FEASIBLE,2,1.82771,10000,0.00180541,6
r_n150_p0.75_nA15_nB15_i2,heur_semigreedy2s_v3_a0.3,0,150,8450,15,15,FEASIBLE,4,8.22115,15000,1.2656,2337
r_n150_p0.25_nA15_nB15_i2,heur_semigreedy2s_v3_a0.3,0,150,2737,15,15,FEASIBLE,1,3.99273,15000,1.31017,4809
r_n150_p0.75_nA15_nB30_i1,heur_semigreedy2s_v3_a0.3,0,150,8396,15,30,FEASIBLE,4,10.1824,15000,0.388303,557
r_n150_p0.5_nA15_nB30_i2,heur_semigreedy2s_v3_a0.3,0,150,5571,15,30,FEASIBLE,3,11.1344,15000,0.000968618,0
r_n150_p0.75_nA15_nB15_i1,heur_semigreedy2s_v3_a0.3,0,150,8391,15,15,FEASIBLE,4,8.49503,15000,0.147374,244
r_n100_p0.75_nA10_nB20_i2,heur_semigreedy2s_v3_a0.3,0,100,3726,10,20,FEASIBLE,3,2.10784,10000,0.000934853,2
r_n100_p0.5_nA20_nB10_i2,heur_semigreedy2s_v3_a0.3,0,100,2426,20,10,FEASIBLE,4,3.04987,10000,0.186009,695
r_n150_p0.75_nA15_nB15_i0,heur_semigreedy2s_v3_a0.3,0,150,8339,15,15,FEASIBLE,4,8.5729,15000,0.507463,836
r_n100_p0.75_nA20_nB10_i2,heur_semigreedy2s_v3_a0.3,0,100,3690,20,10,FEASIBLE,8,1.98694,10000,0.00112323,4
r_n150_p0.25_nA15_nB30_i0,heur_semigreedy2s_v3_a0.3,0,150,2807,15,30,FEASIBLE,2,3.95572,15000,0.000431037,0
r_n100_p0.5_nA10_nB10_i1,heur_semigreedy2s_v3_a0.3,0,100,2429,10,10,FEASIBLE,2,1.47083,10000,0.0032798,16
r_n150_p0.25_nA30_nB30_i1,heur_semigreedy2s_v3_a0.3,0,150,2753,30,30,FEASIBLE,3,10.0163,15000,0.174894,247
r_n150_p0.5_nA30_nB15_i0,heur_semigreedy2s_v3_a0.3,0,150,5641,30,15,FEASIBLE,7,15.9636,15000,0.00121564,0
r_n100_p0.5_nA10_nB20_i0,heur_semigreedy2s_v3_a0.3,0,100,2512,10,20,FEASIBLE,2,1.67031,10000,0.000711018,1
r_n150_p0.5_nA15_nB15_i0,heur_semigreedy2s_v3_a0.3,0,150,5546,15,15,FEASIBLE,3,7.62002,15000,0.00397328,3
r_n100_p0.75_nA20_nB20_i2,heur_semigreedy2s_v3_a0.3,0,100,3677,20,20,FEASIBLE,6,4.16004,10000,0.0434582,82
r_n150_p0.25_nA30_nB15_i1,heur_semigreedy2s_v3_a0.3,0,150,2805,30,15,FEASIBLE,3,7.164,15000,1.06835,2267
r_n150_p0.5_nA15_nB30_i0,heur_semigreedy2s_v3_a0.3,0,150,5614,15,30,FEASIBLE,3,11.4225,15000,0.00620621,8
r_n150_p0.75_nA15_nB30_i2,heur_semigreedy2s_v3_a0.3,0,150,8362,15,30,FEASIBLE,4,10.2056,15000,0.0733244,88
r_n150_p0.25_nA15_nB30_i2,heur_semigreedy2s_v3_a0.3,0,150,2772,15,30,FEASIBLE,2,4.11929,15000,0.000403591,0
r_n150_p0.75_nA30_nB30_i2,heur_semigreedy2s_v3_a0.3,0,150,8301,30,30,FEASIBLE,9,37.0847,15000,0.107518,30
r_n150_p0.75_nA30_nB30_i0,heur_semigreedy2s_v3_a0.3,0,150,8404,30,30,FEASIBLE,10,23.142,15000,1.67146,1126
r_n150_p0.25_nA15_nB30_i1,heur_semigreedy2s_v3_a0.3,0,150,2756,15,30,FEASIBLE,2,3.81215,15000,0.00089017,2
r_n150_p0.75_nA30_nB15_i1,heur_semigreedy2s_v3_a0.3,0,150,8405,30,15,FEASIBLE,10,8.03856,15000,0.361565,686
r_n100_p0.25_nA10_nB20_i1,heur_semigreedy2s_v3_a0.3,0,100,1262,10,20,FEASIBLE,1,1.11566,10000,0.000557035,2
r_n100_p0.25_nA20_nB20_i2,heur_semigreedy2s_v3_a0.3,0,100,1245,20,20,FEASIBLE,2,1.97083,10000,0.0310636,160
r_n100_p0.25_nA10_nB10_i0,heur_semigreedy2s_v3_a0.3,0,100,1244,10,10,FEASIBLE,1,0.922539,10000,0.00107674,9
r_n100_p0.25_nA10_nB10_i2,heur_semigreedy2s_v3_a0.3,0,100,1275,10,10,FEASIBLE,1,0.915589,10000,0.000608688,4
r_n100_p0.25_nA20_nB20_i1,heur_semigreedy2s_v3_a0.3,0,100,1269,20,20,FEASIBLE,2,1.95385,10000,0.00285126,11
r_n150_p0.25_nA15_nB15_i1,heur_semigreedy2s_v3_a0.3,0,150,2818,15,15,FEASIBLE,2,4.35836,15000,0.0016076,2
r_n100_p0.25_nA10_nB20_i0,heur_semigreedy2s_v3_a0.3,0,100,1228,10,20,FEASIBLE,1,0.944743,10000,0.000610612,3
r_n100_p0.75_nA10_nB10_i0,heur_semigreedy2s_v3_a0.3,0,100,3716,10,10,FEASIBLE,3,1.75949,10000,0.00261291,12
r_n150_p0.5_nA15_nB15_i2,heur_semigreedy2s_v3_a0.3,0,150,5579,15,15,FEASIBLE,3,8.0435,15000,0.00853431,12
r_n100_p0.75_nA20_nB20_i0,heur_semigreedy2s_v3_a0.3,0,100,3723,20,20,FEASIBLE,6,3.89968,10000,0.452478,1166
r_n100_p0.75_nA20_nB10_i0,heur_semigreedy2s_v3_a0.3,0,100,3729,20,10,FEASIBLE,7,1.18627,10000,0.00552067,40
r_n150_p0.5_nA15_nB30_i1,heur_semigreedy2s_v3_a0.3,0,150,5608,15,30,FEASIBLE,3,11.2893,15000,0.00918307,8
r_n100_p0.75_nA10_nB10_i2,heur_semigreedy2s_v3_a0.3,0,100,3709,10,10,FEASIBLE,3,1.84338,10000,0.00138137,6
r_n150_p0.5_nA30_nB30_i2,heur_semigreedy2s_v3_a0.3,0,150,5621,30,30,FEASIBLE,6,17.9225,15000,6.08531,4972
r_n150_p0.5_nA30_nB15_i2,heur_semigreedy2s_v3_a0.3,0,150,5583,30,15,FEASIBLE,6,15.6087,15000,1.28725,1301
r_n150_p0.75_nA30_nB30_i1,heur_semigreedy2s_v3_a0.3,0,150,8343,30,30,FEASIBLE,9,30.1741,15000,0.867155,408
r_n150_p0.5_nA15_nB15_i1,heur_semigreedy2s_v3_a0.3,0,150,5585,15,15,FEASIBLE,2,8.10847,15000,2.5358,4606
r_n150_p0.75_nA15_nB30_i0,heur_semigreedy2s_v3_a0.3,0,150,8401,15,30,FEASIBLE,4,10.3961,15000,0.0845106,86
r_n150_p0.25_nA30_nB15_i2,heur_semigreedy2s_v3_a0.3,0,150,2801,30,15,FEASIBLE,3,8.41762,15000,6.64076,12294
r_n100_p0.75_nA10_nB20_i0,heur_semigreedy2s_v3_a0.3,0,100,3749,10,20,FEASIBLE,3,2.1554,10000,0.00272108,9
r_n150_p0.75_nA30_nB15_i0,heur_semigreedy2s_v3_a0.3,0,150,8469,30,15,UNKNOWN,-1,2.53966,15000,-1,18446744073709551615
r_n100_p0.5_nA10_nB10_i0,heur_semigreedy2s_v3_a0.3,0,100,2514,10,10,FEASIBLE,2,1.47025,10000,0.00077152,2
r_n100_p0.25_nA10_nB10_i1,heur_semigreedy2s_v3_a0.3,0,100,1244,10,10,FEASIBLE,1,0.919682,10000,0.000181451,0
r_n100_p0.25_nA10_nB20_i2,heur_semigreedy2s_v3_a0.3,0,100,1239,10,20,FEASIBLE,1,1.09583,10000,0.00507658,37
r_n100_p0.5_nA20_nB10_i0,heur_semigreedy2s_v3_a0.3,0,100,2477,20,10,FEASIBLE,4,2.39941,10000,0.244023,1037
r_n150_p0.25_nA30_nB30_i2,heur_semigreedy2s_v3_a0.3,0,150,2831,30,30,FEASIBLE,3,9.56122,15000,1.15959,1851
r_n100_p0.5_nA10_nB20_i1,heur_semigreedy2s_v3_a0.3,0,100,2527,10,20,FEASIBLE,2,1.97415,10000,0.000391585,0
r_n100_p0.5_nA20_nB20_i2,heur_semigreedy2s_v3_a0.3,0,100,2512,20,20,FEASIBLE,4,3.00571,10000,0.0270408,72
r_n150_p0.5_nA30_nB30_i1,heur_semigreedy2s_v3_a0.3,0,150,5527,30,30,FEASIBLE,6,16.8992,15000,1.40336,875
r_n100_p0.25_nA20_nB10_i2,heur_semigreedy2s_v3_a0.3,0,100,1220,20,10,FEASIBLE,2,1.71081,10000,0.332631,1990
r_n100_p0.75_nA10_nB10_i1,heur_semigreedy2s_v3_a0.3,0,100,3700,10,10,FEASIBLE,3,1.82235,10000,0.00291392,14
r_n100_p0.25_nA20_nB10_i1,heur_semigreedy2s_v3_a0.3,0,100,1211,20,10,FEASIBLE,2,1.73165,10000,0.0287273,164
r_n100_p0.5_nA10_nB20_i2,heur_semigreedy2s_v3_a0.3,0,100,2502,10,20,FEASIBLE,2,1.91654,10000,0.0026027,9
r_n150_p0.25_nA15_nB15_i0,heur_semigreedy2s_v3_a0.3,0,150,2838,15,15,FEASIBLE,2,3.90098,15000,0.000424001,0
r_n150_p0.75_nA30_nB15_i2,heur_semigreedy2s_v3_a0.3,0,150,8302,30,15,FEASIBLE,10,10.0666,15000,0.932448,1230
r_n100_p0.75_nA20_nB10_i1,heur_semigreedy2s_v3_a0.3,0,100,3688,20,10,FEASIBLE,7,2.5337,10000,0.0551587,183
r_n100_p0.5_nA10_nB10_i2,heur_semigreedy2s_v3_a0.3,0,100,2530,10,10,FEASIBLE,2,1.49709,10000,0.00235241,9
r_n100_p0.5_nA20_nB20_i0,heur_semigreedy2s_v3_a0.3,0,100,2427,20,20,FEASIBLE,4,3.10582,10000,0.0180396,50
r_n100_p0.75_nA20_nB20_i1,heur_semigreedy2s_v3_a0.3,0,100,3719,20,20,FEASIBLE,7,4.04475,10000,0.00314316,6
r_n150_p0.5_nA30_nB30_i0,heur_semigreedy2s_v3_a0.3,0,150,5622,30,30,FEASIBLE,6,18.2159,15000,1.41797,1236
r_n150_p0.25_nA30_nB15_i0,heur_semigreedy2s_v3_a0.3,0,150,2744,30,15,FEASIBLE,3,7.54432,15000,6.75692,13363
r_n100_p0.5_nA20_nB10_i1,heur_semigreedy2s_v3_a0.3,0,100,2493,20,10,FEASIBLE,4,2.53793,10000,0.0158034,47
r_n100_p0.25_nA20_nB10_i0,heur_semigreedy2s_v3_a0.3,0,100,1254,20,10,FEASIBLE,2,1.6649,10000,0.00562692,33
r_n150_p0.5_nA30_nB15_i1,heur_semigreedy2s_v3_a0.3,0,150,5532,30,15,FEASIBLE,6,14.1545,15000,7.75008,8237
r_n100_p0.75_nA10_nB20_i1,heur_semigreedy2s_v3_a0.3,0,100,3752,10,20,FEASIBLE,3,2.16741,10000,0.000350039,0
r_n150_p0.25_nA30_nB30_i0,heur_semigreedy2s_v3_a0.3,0,150,2776,30,30,FEASIBLE,3,10.0978,15000,1.66084,2339
r_n100_p0.5_nA20_nB20_i1,heur_semigreedy2s_v3_a0.3,0,100,2488,20,20,FEASIBLE,4,3.06824,10000,0.0401066,105
r_n100_p0.25_nA20_nB20_i0,heur_semigreedy2s_v3_a0.2,0,100,1186,20,20,FEASIBLE,2,1.84116,10000,0.0518358,275
r_n150_p0.75_nA15_nB15_i2,heur_semigreedy2s_v3_a0.2,0,150,8450,15,15,FEASIBLE,4,8.64894,15000,8.40648,14550
r_n150_p0.25_nA15_nB15_i2,heur_semigreedy2s_v3_a0.2,0,150,2737,15,15,FEASIBLE,1,3.912,15000,0.616894,2520
r_n150_p0.75_nA15_nB30_i1,heur_semigreedy2s_v3_a0.2,0,150,8396,15,30,FEASIBLE,4,10.4264,15000,0.263854,367
r_n150_p0.5_nA15_nB30_i2,heur_semigreedy2s_v3_a0.2,0,150,5571,15,30,FEASIBLE,2,11.3124,15000,4.36681,6056
r_n150_p0.75_nA15_nB15_i1,heur_semigreedy2s_v3_a0.2,0,150,8391,15,15,FEASIBLE,4,8.58093,15000,0.0112691,15
r_n100_p0.75_nA10_nB20_i2,heur_semigreedy2s_v3_a0.2,0,100,3726,10,20,FEASIBLE,3,2.31628,10000,0.000983952,3
r_n100_p0.5_nA20_nB10_i2,heur_semigreedy2s_v3_a0.2,0,100,2426,20,10,FEASIBLE,4,3.18832,10000,0.131801,536
r_n150_p0.75_nA15_nB15_i0,heur_semigreedy2s_v3_a0.2,0,150,8339,15,15,FEASIBLE,4,8.5908,15000,0.653631,1086
r_n100_p0.75_nA20_nB10_i2,heur_semigreedy2s_v3_a0.2,0,100,3690,20,10,FEASIBLE,8,1.99435,10000,0.00114151,4
r_n150_p0.25_nA15_nB30_i0,heur_semigreedy2s_v3_a0.2,0,150,2807,15,30,FEASIBLE,2,4.09465,15000,0.000573668,0
r_n100_p0.5_nA10_nB10_i1,heur_semigreedy2s_v3_a0.2,0,100,2429,10,10,FEASIBLE,2,1.43532,10000,0.00249068,12
r_n150_p0.25_nA30_nB30_i1,heur_semigreedy2s_v3_a0.2,0,150,2753,30,30,FEASIBLE,3,9.09511,15000,0.00835841,12
r_n150_p0.5_nA30_nB15_i0,heur_semigreedy2s_v3_a0.2,0,150,5641,30,15,FEASIBLE,7,15.9466,15000,0.048408,48
r_n100_p0.5_nA10_nB20_i0,heur_semigreedy2s_v3_a0.2,0,100,2512,10,20,FEASIBLE,2,1.71598,10000,0.000333157,0
r_n150_p0.5_nA15_nB15_i0,heur_semigreedy2s_v3_a0.2,0,150,5546,15,15,FEASIBLE,2,7.846,15000,7.2832,13929
r_n100_p0.75_nA20_nB20_i2,heur_semigreedy2s_v3_a0.2,0,100,3677,20,20,FEASIBLE,6,3.9955,10000,0.137314,321
r_n150_p0.25_nA30_nB15_i1,heur_semigreedy2s_v3_a0.2,0,150,2805,30,15,FEASIBLE,3,7.19811,15000,1.38414,2925
r_n150_p0.5_nA15_nB30_i0,heur_semigreedy2s_v3_a0.2,0,150,5614,15,30,FEASIBLE,3,13.1332,15000,0.00534408,5
r_n150_p0.75_nA15_nB30_i2,heur_semigreedy2s_v3_a0.2,0,150,8362,15,30,FEASIBLE,4,10.2483,15000,0.0115161,12
r_n150_p0.25_nA15_nB30_i2,heur_semigreedy2s_v3_a0.2,0,150,2772,15,30,FEASIBLE,2,3.89806,15000,0.000343551,0
r_n150_p0.75_nA30_nB30_i2,heur_semigreedy2s_v3_a0.2,0,150,8301,30,30,FEASIBLE,9,35.7546,15000,0.219764,65
r_n150_p0.75_nA30_nB30_i0,heur_semigreedy2s_v3_a0.2,0,150,8404,30,30,FEASIBLE,9,23.0227,15000,9.70212,7003
r_n150_p0.25_nA15_nB30_i1,heur_semigreedy2s_v3_a0.2,0,150,2756,15,30,FEASIBLE,2,3.77704,15000,0.000327246,0
r_n150_p0.75_nA30_nB15_i1,heur_semigreedy2s_v3_a0.2,0,150,8405,30,15,FEASIBLE,10,8.14029,15000,0.516291,936
r_n100_p0.25_nA10_nB20_i1,heur_semigreedy2s_v3_a0.2,0,100,1262,10,20,FEASIBLE,1,1.29497,10000,0.000702936,2
r_n100_p0.25_nA20_nB20_i2,heur_semigreedy2s_v3_a0.2,0,100,1245,20,20,FEASIBLE,2,1.94869,10000,0.000688841,2
r_n100_p0.25_nA10_nB10_i0,heur_semigreedy2s_v3_a0.2,0,100,1244,10,10,FEASIBLE,1,0.944594,10000,0.000590768,4
r_n100_p0.25_nA10_nB10_i2,heur_semigreedy2s_v3_a0.2,0,100,1275,10,10,FEASIBLE,1,0.913645,10000,0.000580556,4
r_n100_p0.25_nA20_nB20_i1,heur_semigreedy2s_v3_a0.2,0,100,1269,20,20,FEASIBLE,2,1.97142,10000,0.000612778,1
r_n150_p0.25_nA15_nB15_i1,heur_semigreedy2s_v3_a0.2,0,150,2818,15,15,FEASIBLE,2,4.92886,15000,0.000742508,1
r_n100_p0.25_nA10_nB20_i0,heur_semigreedy2s_v3_a0.2,0,100,1228,10,20,FEASIBLE,1,0.934352,10000,0.00015271,0
r_n100_p0.75_nA10_nB10_i0,heur_semigreedy2s_v3_a0.2,0,100,3716,10,10,FEASIBLE,3,1.75817,10000,0.000829894,2
r_n150_p0.5_nA15_nB15_i2,heur_semigreedy2s_v3_a0.2,0,150,5579,15,15,FEASIBLE,3,8.37398,15000,0.00698638,8
r_n100_p0.75_nA20_nB20_i0,heur_semigreedy2s_v3_a0.2,0,100,3723,20,20,FEASIBLE,6,3.88913,10000,0.446428,1159
r_n100_p0.75_nA20_nB10_i0,heur_semigreedy2s_v3_a0.2,0,100,3729,20,10,FEASIBLE,7,1.18011,10000,0.00579369,40
r_n150_p0.5_nA15_nB30_i1,heur_semigreedy2s_v3_a0.2,0,150,5608,15,30,FEASIBLE,3,10.938,15000,0.00426508,5
r_n100_p0.75_nA10_nB10_i2,heur_semigreedy2s_v3_a0.2,0,100,3709,10,10,FEASIBLE,3,1.82227,10000,0.00145988,5
r_n150_p0.5_nA30_nB30_i2,heur_semigreedy2s_v3_a0.2,0,150,5621,30,30,FEASIBLE,6,19.2826,15000,0.679652,677
r_n150_p0.5_nA30_nB15_i2,heur_semigreedy2s_v3_a0.2,0,150,5583,30,15,FEASIBLE,6,15.6208,15000,0.151567,152
r_n150_p0.75_nA30_nB30_i1,heur_semigreedy2s_v3_a0.2,0,150,8343,30,30,FEASIBLE,9,31.7936,15000,0.204116,105
r_n150_p0.5_nA15_nB15_i1,heur_semigreedy2s_v3_a0.2,0,150,5585,15,15,FEASIBLE,2,8.37362,15000,4.22499,7658
r_n150_p0.75_nA15_nB30_i0,heur_semigreedy2s_v3_a0.2,0,150,8401,15,30,FEASIBLE,4,10.2715,15000,0.768624,1132
r_n150_p0.25_nA30_nB15_i2,heur_semigreedy2s_v3_a0.2,0,150,2801,30,15,FEASIBLE,3,7.46144,15000,1.31891,2772
r_n100_p0.75_nA10_nB20_i0,heur_semigreedy2s_v3_a0.2,0,100,3749,10,20,FEASIBLE,3,2.13354,10000,0.00580532,22
r_n150_p0.75_nA30_nB15_i0,heur_semigreedy2s_v3_a0.2,0,150,8469,30,15,UNKNOWN,-1,2.55677,15000,-1,18446744073709551615
r_n100_p0.5_nA10_nB10_i0,heur_semigreedy2s_v3_a0.2,0,100,2514,10,10,FEASIBLE,2,1.46245,10000,0.000246046,0
r_n100_p0.25_nA10_nB10_i1,heur_semigreedy2s_v3_a0.2,0,100,1244,10,10,FEASIBLE,1,0.929629,10000,0.000173987,0
r_n100_p0.25_nA10_nB20_i2,heur_semigreedy2s_v3_a0.2,0,100,1239,10,20,FEASIBLE,1,1.03775,10000,0.000261017,0
r_n100_p0.5_nA20_nB10_i0,heur_semigreedy2s_v3_a0.2,0,100,2477,20,10,FEASIBLE,4,2.38286,10000,0.24473,1036
r_n150_p0.25_nA30_nB30_i2,heur_semigreedy2s_v3_a0.2,0,150,2831,30,30,FEASIBLE,3,9.61638,15000,0.117714,170
r_n100_p0.5_nA10_nB20_i1,heur_semigreedy2s_v3_a0.2,0,100,2527,10,20,FEASIBLE,2,1.72577,10000,0.000916553,1
r_n100_p0.5_nA20_nB20_i2,heur_semigreedy2s_v3_a0.2,0,100,2512,20,20,FEASIBLE,4,3.04005,10000,0.0911063,274
r_n150_p0.5_nA30_nB30_i1,heur_semigreedy2s_v3_a0.2,0,150,5527,30,30,FEASIBLE,6,25.7516,15000,1.87507,1119
r_n100_p0.25_nA20_nB10_i2,heur_semigreedy2s_v3_a0.2,0,100,1220,20,10,FEASIBLE,2,1.70499,10000,0.0506129,298
r_n100_p0.75_nA10_nB10_i1,heur_semigreedy2s_v3_a0.2,0,100,3700,10,10,FEASIBLE,3,1.82902,10000,0.00321342,14
r_n100_p0.25_nA20_nB10_i1,heur_semigreedy2s_v3_a0.2,0,100,1211,20,10,FEASIBLE,2,1.75824,10000,0.0185711,92
r_n100_p0.5_nA10_nB20_i2,heur_semigreedy2s_v3_a0.2,0,100,2502,10,20,FEASIBLE,2,1.72064,10000,0.00128482,6
r_n150_p0.25_nA15_nB15_i0,heur_semigreedy2s_v3_a0.2,0,150,2838,15,15,FEASIBLE,2,3.81867,15000,0.000344339,0
r_n150_p0.75_nA30_nB15_i2,heur_semigreedy2s_v3_a0.2,0,150,8302,30,15,FEASIBLE,10,9.85158,15000,0.670591,1230
r_n100_p0.75_nA20_nB10_i1,heur_semigreedy2s_v3_a0.2,0,100,3688,20,10,FEASIBLE,7,2.54568,10000,0.0562112,181
r_n100_p0.5_nA10_nB10_i2,heur_semigreedy2s_v3_a0.2,0,100,2530,10,10,FEASIBLE,2,1.51602,10000,0.00119575,5
r_n100_p0.5_nA20_nB20_i0,heur_semigreedy2s_v3_a0.2,0,100,2427,20,20,FEASIBLE,4,3.10259,10000,0.0175344,53
r_n100_p0.75_nA20_nB20_i1,heur_semigreedy2s_v3_a0.2,0,100,3719,20,20,FEASIBLE,7,4.05663,10000,0.0046411,6
r_n150_p0.5_nA30_nB30_i0,heur_semigreedy2s_v3_a0.2,0,150,5622,30,30,FEASIBLE,6,18.4054,15000,0.52761,407
r_n150_p0.25_nA30_nB15_i0,heur_semigreedy2s_v3_a0.2,0,150,2744,30,15,FEASIBLE,3,8.49202,15000,5.01733,8475
r_n100_p0.5_nA20_nB10_i1,heur_semigreedy2s_v3_a0.2,0,100,2493,20,10,FEASIBLE,4,2.55448,10000,0.00685997,25
r_n100_p0.25_nA20_nB10_i0,heur_semigreedy2s_v3_a0.2,0,100,1254,20,10,FEASIBLE,2,1.676,10000,0.012132,56
r_n150_p0.5_nA30_nB15_i1,heur_semigreedy2s_v3_a0.2,0,150,5532,30,15,FEASIBLE,6,14.3333,15000,1.62805,1706
r_n100_p0.75_nA10_nB20_i1,heur_semigreedy2s_v3_a0.2,0,100,3752,10,20,FEASIBLE,3,2.18073,10000,0.000321509,0
r_n150_p0.25_nA30_nB30_i0,heur_semigreedy2s_v3_a0.2,0,150,2776,30,30,FEASIBLE,3,10.6457,15000,0.0727885,96
r_n100_p0.5_nA20_nB20_i1,heur_semigreedy2s_v3_a0.2,0,100,2488,20,20,FEASIBLE,4,3.0414,10000,0.0179096,54
r_n100_p0.25_nA20_nB20_i0,heur_semigreedy2s_v3_a0.1,0,100,1186,20,20,FEASIBLE,2,2.00787,10000,0.0351162,174
r_n150_p0.75_nA15_nB15_i2,heur_semigreedy2s_v3_a0.1,0,150,8450,15,15,FEASIBLE,4,8.24933,15000,0.5742,1051
r_n150_p0.25_nA15_nB15_i2,heur_semigreedy2s_v3_a0.1,0,150,2737,15,15,FEASIBLE,1,3.73449,15000,0.225769,857
r_n150_p0.75_nA15_nB30_i1,heur_semigreedy2s_v3_a0.1,0,150,8396,15,30,FEASIBLE,4,10.8847,15000,0.397261,560
r_n150_p0.5_nA15_nB30_i2,heur_semigreedy2s_v3_a0.1,0,150,5571,15,30,FEASIBLE,3,9.89454,15000,0.0036358,3
r_n150_p0.75_nA15_nB15_i1,heur_semigreedy2s_v3_a0.1,0,150,8391,15,15,FEASIBLE,4,8.54266,15000,0.0126264,18
r_n100_p0.75_nA10_nB20_i2,heur_semigreedy2s_v3_a0.1,0,100,3726,10,20,FEASIBLE,3,2.12227,10000,0.00157045,3
r_n100_p0.5_nA20_nB10_i2,heur_semigreedy2s_v3_a0.1,0,100,2426,20,10,FEASIBLE,4,2.49157,10000,0.0365062,143
r_n150_p0.75_nA15_nB15_i0,heur_semigreedy2s_v3_a0.1,0,150,8339,15,15,FEASIBLE,4,9.62763,15000,0.0502647,75
r_n100_p0.75_nA20_nB10_i2,heur_semigreedy2s_v3_a0.1,0,100,3690,20,10,FEASIBLE,8,2.01298,10000,0.00113637,4
r_n150_p0.25_nA15_nB30_i0,heur_semigreedy2s_v3_a0.1,0,150,2807,15,30,FEASIBLE,2,3.96096,15000,0.000476991,0
r_n100_p0.5_nA10_nB10_i1,heur_semigreedy2s_v3_a0.1,0,100,2429,10,10,FEASIBLE,2,1.44936,10000,0.00108247,6
r_n150_p0.25_nA30_nB30_i1,heur_semigreedy2s_v3_a0.1,0,150,2753,30,30,FEASIBLE,3,8.92048,15000,0.00914928,14
r_n150_p0.5_nA30_nB15_i0,heur_semigreedy2s_v3_a0.1,0,150,5641,30,15,FEASIBLE,6,16.2812,15000,14.7892,13622
r_n100_p0.5_nA10_nB20_i0,heur_semigreedy2s_v3_a0.1,0,100,2512,10,20,FEASIBLE,2,1.7126,10000,0.000371644,0
r_n150_p0.5_nA15_nB15_i0,heur_semigreedy2s_v3_a0.1,0,150,5546,15,15,FEASIBLE,3,7.6286,15000,0.00912859,15
r_n100_p0.75_nA20_nB20_i2,heur_semigreedy2s_v3_a0.1,0,100,3677,20,20,FEASIBLE,6,3.99354,10000,0.00619102,10
r_n150_p0.25_nA30_nB15_i1,heur_semigreedy2s_v3_a0.1,0,150,2805,30,15,FEASIBLE,3,7.1149,15000,0.271301,561
r_n150_p0.5_nA15_nB30_i0,heur_semigreedy2s_v3_a0.1,0,150,5614,15,30,FEASIBLE,3,12.3409,15000,0.00235249,2
r_n150_p0.75_nA15_nB30_i2,heur_semigreedy2s_v3_a0.1,0,150,8362,15,30,FEASIBLE,4,10.1515,15000,0.00949182,12
r_n150_p0.25_nA15_nB30_i2,heur_semigreedy2s_v3_a0.1,0,150,2772,15,30,FEASIBLE,2,3.87208,15000,0.000494748,0
r_n150_p0.75_nA30_nB30_i2,heur_semigreedy2s_v3_a0.1,0,150,8301,30,30,FEASIBLE,9,37.5836,15000,0.326464,114
r_n150_p0.75_nA30_nB30_i0,heur_semigreedy2s_v3_a0.1,0,150,8404,30,30,FEASIBLE,10,20.085,15000,0.126948,88
r_n150_p0.25_nA15_nB30_i1,heur_semigreedy2s_v3_a0.1,0,150,2756,15,30,FEASIBLE,1,4.15342,15000,0.1799,661
r_n150_p0.75_nA30_nB15_i1,heur_semigreedy2s_v3_a0.1,0,150,8405,30,15,FEASIBLE,10,8.17711,15000,0.517109,947
r_n100_p0.25_nA10_nB20_i1,heur_semigreedy2s_v3_a0.1,0,100,1262,10,20,FEASIBLE,1,1.02149,10000,0.000515966,2
r_n100_p0.25_nA20_nB20_i2,heur_semigreedy2s_v3_a0.1,0,100,1245,20,20,FEASIBLE,2,1.94947,10000,0.00104192,2
r_n100_p0.25_nA10_nB10_i0,heur_semigreedy2s_v3_a0.1,0,100,1244,10,10,FEASIBLE,1,0.932468,10000,0.000762763,4
r_n100_p0.25_nA10_nB10_i2,heur_semigreedy2s_v3_a0.1,0,100,1275,10,10,FEASIBLE,1,0.906116,10000,0.000574506,4
r_n100_p0.25_nA20_nB20_i1,heur_semigreedy2s_v3_a0.1,0,100,1269,20,20,FEASIBLE,2,2.04719,10000,0.000612189,1
r_n150_p0.25_nA15_nB15_i1,heur_semigreedy2s_v3_a0.1,0,150,2818,15,15,FEASIBLE,1,4.88603,15000,0.509466,1347
r_n100_p0.25_nA10_nB20_i0,heur_semigreedy2s_v3_a0.1,0,100,1228,10,20,FEASIBLE,1,0.94134,10000,0.000187087,0
r_n100_p0.75_nA10_nB10_i0,heur_semigreedy2s_v3_a0.1,0,100,3716,10,10,FEASIBLE,3,1.75366,10000,0.000838486,2
r_n150_p0.5_nA15_nB15_i2,heur_semigreedy2s_v3_a0.1,0,150,5579,15,15,FEASIBLE,3,7.9947,15000,0.00252184,2
r_n100_p0.75_nA20_nB20_i0,heur_semigreedy2s_v3_a0.1,0,100,3723,20,20,FEASIBLE,6,3.89306,10000,0.159287,392
r_n100_p0.75_nA20_nB10_i0,heur_semigreedy2s_v3_a0.1,0,100,3729,20,10,FEASIBLE,7,1.17254,10000,0.00519643,40
r_n150_p0.5_nA15_nB30_i1,heur_semigreedy2s_v3_a0.1,0,150,5608,15,30,FEASIBLE,3,10.0772,15000,0.00111272,0
r_n100_p0.75_nA10_nB10_i2,heur_semigreedy2s_v3_a0.1,0,100,3709,10,10,FEASIBLE,3,1.82046,10000,0.00140977,5
r_n150_p0.5_nA30_nB30_i2,heur_semigreedy2s_v3_a0.1,0,150,5621,30,30,FEASIBLE,6,17.1205,15000,1.05039,1054
r_n150_p0.5_nA30_nB15_i2,heur_semigreedy2s_v3_a0.1,0,150,5583,30,15,FEASIBLE,6,15.4692,15000,0.600981,616
r_n150_p0.75_nA30_nB30_i1,heur_semigreedy2s_v3_a0.1,0,150,8343,30,30,FEASIBLE,9,29.828,15000,0.0467766,25
r_n150_p0.5_nA15_nB15_i1,heur_semigreedy2s_v3_a0.1,0,150,5585,15,15,FEASIBLE,3,7.98985,15000,0.00383716,4
r_n150_p0.75_nA15_nB30_i0,heur_semigreedy2s_v3_a0.1,0,150,8401,15,30,FEASIBLE,4,10.4828,15000,0.0415462,49
r_n150_p0.25_nA30_nB15_i2,heur_semigreedy2s_v3_a0.1,0,150,2801,30,15,FEASIBLE,3,7.23753,15000,2.80383,5874
r_n100_p0.75_nA10_nB20_i0,heur_semigreedy2s_v3_a0.1,0,100,3749,10,20,FEASIBLE,3,2.12355,10000,0.00624839,22
r_n150_p0.75_nA30_nB15_i0,heur_semigreedy2s_v3_a0.1,0,150,8469,30,15,UNKNOWN,-1,2.5544,15000,-1,18446744073709551615
r_n100_p0.5_nA10_nB10_i0,heur_semigreedy2s_v3_a0.1,0,100,2514,10,10,FEASIBLE,2,1.46432,10000,0.000210887,0
r_n100_p0.25_nA10_nB10_i1,heur_semigreedy2s_v3_a0.1,0,100,1244,10,10,FEASIBLE,1,0.920921,10000,0.000252538,0
r_n100_p0.25_nA10_nB20_i2,heur_semigreedy2s_v3_a0.1,0,100,1239,10,20,FEASIBLE,1,0.993257,10000,0.000167441,0
r_n100_p0.5_nA20_nB10_i0,heur_semigreedy2s_v3_a0.1,0,100,2477,20,10,FEASIBLE,4,2.5371,10000,0.252438,1046
r_n150_p0.25_nA30_nB30_i2,heur_semigreedy2s_v3_a0.1,0,150,2831,30,30,FEASIBLE,3,9.61204,15000,0.565382,893
r_n100_p0.5_nA10_nB20_i1,heur_semigreedy2s_v3_a0.1,0,100,2527,10,20,FEASIBLE,2,1.94918,10000,0.000577716,1
r_n100_p0.5_nA20_nB20_i2,heur_semigreedy2s_v3_a0.1,0,100,2512,20,20,FEASIBLE,4,3.00666,10000,0.0435021,119
r_n150_p0.5_nA30_nB30_i1,heur_semigreedy2s_v3_a0.1,0,150,5527,30,30,FEASIBLE,7,27.5854,15000,0.090677,42
r_n100_p0.25_nA20_nB10_i2,heur_semigreedy2s_v3_a0.1,0,100,1220,20,10,FEASIBLE,2,1.70635,10000,0.0173559,86
r_n100_p0.75_nA10_nB10_i1,heur_semigreedy2s_v3_a0.1,0,100,3700,10,10,FEASIBLE,3,1.81328,10000,0.00288704,14
r_n100_p0.25_nA20_nB10_i1,heur_semigreedy2s_v3_a0.1,0,100,1211,20,10,FEASIBLE,2,1.80074,10000,0.00219994,9
r_n100_p0.5_nA10_nB20_i2,heur_semigreedy2s_v3_a0.1,0,100,2502,10,20,FEASIBLE,2,1.65919,10000,0.000675264,2
r_n150_p0.25_nA15_nB15_i0,heur_semigreedy2s_v3_a0.1,0,150,2838,15,15,FEASIBLE,1,3.99017,15000,1.02073,3619
r_n150_p0.75_nA30_nB15_i2,heur_semigreedy2s_v3_a0.1,0,150,8302,30,15,FEASIBLE,10,9.32041,15000,0.769241,1230
r_n100_p0.75_nA20_nB10_i1,heur_semigreedy2s_v3_a0.1,0,100,3688,20,10,FEASIBLE,7,2.55765,10000,0.0570704,184
r_n100_p0.5_nA10_nB10_i2,heur_semigreedy2s_v3_a0.1,0,100,2530,10,10,FEASIBLE,2,1.48761,10000,0.00104078,5
r_n100_p0.5_nA20_nB20_i0,heur_semigreedy2s_v3_a0.1,0,100,2427,20,20,FEASIBLE,4,3.1134,10000,0.0219586,65
r_n100_p0.75_nA20_nB20_i1,heur_semigreedy2s_v3_a0.1,0,100,3719,20,20,FEASIBLE,7,4.03755,10000,0.00424943,6
r_n150_p0.5_nA30_nB30_i0,heur_semigreedy2s_v3_a0.1,0,150,5622,30,30,FEASIBLE,6,18.3589,15000,0.0578435,50
r_n150_p0.25_nA30_nB15_i0,heur_semigreedy2s_v3_a0.1,0,150,2744,30,15,FEASIBLE,3,7.72435,15000,6.71033,12966
r_n100_p0.5_nA20_nB10_i1,heur_semigreedy2s_v3_a0.1,0,100,2493,20,10,FEASIBLE,4,2.53088,10000,0.023028,88
r_n100_p0.25_nA20_nB10_i0,heur_semigreedy2s_v3_a0.1,0,100,1254,20,10,FEASIBLE,2,1.67788,10000,0.0074168,40
r_n150_p0.5_nA30_nB15_i1,heur_semigreedy2s_v3_a0.1,0,150,5532,30,15,FEASIBLE,6,14.3564,15000,5.7952,6175
r_n100_p0.75_nA10_nB20_i1,heur_semigreedy2s_v3_a0.1,0,100,3752,10,20,FEASIBLE,3,2.16356,10000,0.000350574,0
r_n150_p0.25_nA30_nB30_i0,heur_semigreedy2s_v3_a0.1,0,150,2776,30,30,FEASIBLE,3,9.58333,15000,0.383644,616
r_n100_p0.5_nA20_nB20_i1,heur_semigreedy2s_v3_a0.1,0,100,2488,20,20,FEASIBLE,4,3.02289,10000,0.0361453,97
r_n100_p0.25_nA20_nB20_i0,heur_semigreedy2s_v3_a0.4,0,100,1186,20,20,FEASIBLE,2,1.87963,10000,0.0660427,341
r_n150_p0.75_nA15_nB15_i2,heur_semigreedy2s_v3_a0.4,0,150,8450,15,15,FEASIBLE,5,8.16997,15000,0.00477833,7
r_n150_p0.25_nA15_nB15_i2,heur_semigreedy2s_v3_a0.4,0,150,2737,15,15,FEASIBLE,2,3.80015,15000,0.00172675,4
r_n150_p0.75_nA15_nB30_i1,heur_semigreedy2s_v3_a0.4,0,150,8396,15,30,FEASIBLE,4,10.9977,15000,0.123408,167
r_n150_p0.5_nA15_nB30_i2,heur_semigreedy2s_v3_a0.4,0,150,5571,15,30,FEASIBLE,3,13.5218,15000,0.0132399,19
r_n150_p0.75_nA15_nB15_i1,heur_semigreedy2s_v3_a0.4,0,150,8391,15,15,FEASIBLE,4,8.50266,15000,0.888672,1523
r_n100_p0.75_nA10_nB20_i2,heur_semigreedy2s_v3_a0.4,0,100,3726,10,20,FEASIBLE,3,2.17808,10000,0.000960538,2
r_n100_p0.5_nA20_nB10_i2,heur_semigreedy2s_v3_a0.4,0,100,2426,20,10,FEASIBLE,4,2.51531,10000,0.17495,623
r_n150_p0.75_nA15_nB15_i0,heur_semigreedy2s_v3_a0.4,0,150,8339,15,15,FEASIBLE,4,8.33716,15000,3.34146,6099
r_n100_p0.75_nA20_nB10_i2,heur_semigreedy2s_v3_a0.4,0,100,3690,20,10,FEASIBLE,8,1.99166,10000,0.00123936,4
r_n150_p0.25_nA15_nB30_i0,heur_semigreedy2s_v3_a0.4,0,150,2807,15,30,FEASIBLE,2,4.06521,15000,0.000351673,0
r_n100_p0.5_nA10_nB10_i1,heur_semigreedy2s_v3_a0.4,0,100,2429,10,10,FEASIBLE,2,1.46505,10000,0.00208615,12
r_n150_p0.25_nA30_nB30_i1,heur_semigreedy2s_v3_a0.4,0,150,2753,30,30,FEASIBLE,3,9.05852,15000,0.241787,362
r_n150_p0.5_nA30_nB15_i0,heur_semigreedy2s_v3_a0.4,0,150,5641,30,15,FEASIBLE,7,16.2596,15000,0.284348,269
r_n100_p0.5_nA10_nB20_i0,heur_semigreedy2s_v3_a0.4,0,100,2512,10,20,FEASIBLE,2,1.79129,10000,0.00213979,10
r_n150_p0.5_nA15_nB15_i0,heur_semigreedy2s_v3_a0.4,0,150,5546,15,15,FEASIBLE,3,8.07579,15000,0.0382394,53
r_n100_p0.75_nA20_nB20_i2,heur_semigreedy2s_v3_a0.4,0,100,3677,20,20,FEASIBLE,6,3.9643,10000,0.0965809,218
r_n150_p0.25_nA30_nB15_i1,heur_semigreedy2s_v3_a0.4,0,150,2805,30,15,FEASIBLE,3,7.2414,15000,0.0145327,24
r_n150_p0.5_nA15_nB30_i0,heur_semigreedy2s_v3_a0.4,0,150,5614,15,30,FEASIBLE,3,9.73728,15000,0.00955478,12
r_n150_p0.75_nA15_nB30_i2,heur_semigreedy2s_v3_a0.4,0,150,8362,15,30,FEASIBLE,4,10.9231,15000,0.778505,1101
r_n150_p0.25_nA15_nB30_i2,heur_semigreedy2s_v3_a0.4,0,150,2772,15,30,FEASIBLE,2,4.04397,15000,0.000472318,0
r_n150_p0.75_nA30_nB30_i2,heur_semigreedy2s_v3_a0.4,0,150,8301,30,30,FEASIBLE,9,31.2842,15000,0.159557,80
r_n150_p0.75_nA30_nB30_i0,heur_semigreedy2s_v3_a0.4,0,150,8404,30,30,FEASIBLE,10,26.3925,15000,0.252694,184
r_n150_p0.25_nA15_nB30_i1,heur_semigreedy2s_v3_a0.4,0,150,2756,15,30,FEASIBLE,2,3.94261,15000,0.00197946,5
r_n150_p0.75_nA30_nB15_i1,heur_semigreedy2s_v3_a0.4,0,150,8405,30,15,FEASIBLE,10,10.3032,15000,0.371951,690
r_n100_p0.25_nA10_nB20_i1,heur_semigreedy2s_v3_a0.4,0,100,1262,10,20,FEASIBLE,1,1.08933,10000,0.137753,1143
r_n100_p0.25_nA20_nB20_i2,heur_semigreedy2s_v3_a0.4,0,100,1245,20,20,FEASIBLE,2,1.99049,10000,0.0148469,66
r_n100_p0.25_nA10_nB10_i0,heur_semigreedy2s_v3_a0.4,0,100,1244,10,10,FEASIBLE,1,0.95819,10000,0.00264066,25
r_n100_p0.25_nA10_nB10_i2,heur_semigreedy2s_v3_a0.4,0,100,1275,10,10,FEASIBLE,1,0.963468,10000,0.00962935,99
r_n100_p0.25_nA20_nB20_i1,heur_semigreedy2s_v3_a0.4,0,100,1269,20,20,FEASIBLE,2,1.94392,10000,1.11888,5728
r_n150_p0.25_nA15_nB15_i1,heur_semigreedy2s_v3_a0.4,0,150,2818,15,15,FEASIBLE,2,4.79303,15000,0.00681423,22
r_n100_p0.25_nA10_nB20_i0,heur_semigreedy2s_v3_a0.4,0,100,1228,10,20,FEASIBLE,1,1.0091,10000,0.0070239,68
r_n100_p0.75_nA10_nB10_i0,heur_semigreedy2s_v3_a0.4,0,100,3716,10,10,FEASIBLE,3,1.76457,10000,0.0040312,15
r_n150_p0.5_nA15_nB15_i2,heur_semigreedy2s_v3_a0.4,0,150,5579,15,15,FEASIBLE,3,7.98807,15000,0.0728967,110
r_n100_p0.75_nA20_nB20_i0,heur_semigreedy2s_v3_a0.4,0,100,3723,20,20,FEASIBLE,6,3.87857,10000,0.706699,1841
r_n100_p0.75_nA20_nB10_i0,heur_semigreedy2s_v3_a0.4,0,100,3729,20,10,FEASIBLE,7,1.17836,10000,0.00560508,40
r_n150_p0.5_nA15_nB30_i1,heur_semigreedy2s_v3_a0.4,0,150,5608,15,30,FEASIBLE,3,10.0739,15000,0.00183358,1
r_n100_p0.75_nA10_nB10_i2,heur_semigreedy2s_v3_a0.4,0,100,3709,10,10,FEASIBLE,3,1.82047,10000,0.00849268,33
r_n150_p0.5_nA30_nB30_i2,heur_semigreedy2s_v3_a0.4,0,150,5621,30,30,FEASIBLE,6,19.1121,15000,3.63001,3229
r_n150_p0.5_nA30_nB15_i2,heur_semigreedy2s_v3_a0.4,0,150,5583,30,15,FEASIBLE,6,14.9629,15000,3.31371,3449
r_n150_p0.75_nA30_nB30_i1,heur_semigreedy2s_v3_a0.4,0,150,8343,30,30,FEASIBLE,9,32.7909,15000,0.72151,361
r_n150_p0.5_nA15_nB15_i1,heur_semigreedy2s_v3_a0.4,0,150,5585,15,15,FEASIBLE,3,8.0913,15000,0.0139798,23
r_n150_p0.75_nA15_nB30_i0,heur_semigreedy2s_v3_a0.4,0,150,8401,15,30,FEASIBLE,4,10.9447,15000,1.32771,1937
r_n150_p0.25_nA30_nB15_i2,heur_semigreedy2s_v3_a0.4,0,150,2801,30,15,FEASIBLE,3,9.74934,15000,1.69132,2589
r_n100_p0.75_nA10_nB20_i0,heur_semigreedy2s_v3_a0.4,0,100,3749,10,20,FEASIBLE,3,2.15536,10000,0.00470227,14
r_n150_p0.75_nA30_nB15_i0,heur_semigreedy2s_v3_a0.4,0,150,8469,30,15,UNKNOWN,-1,2.52046,15000,-1,18446744073709551615
r_n100_p0.5_nA10_nB10_i0,heur_semigreedy2s_v3_a0.4,0,100,2514,10,10,FEASIBLE,2,1.47104,10000,0.00280271,18
r_n100_p0.25_nA10_nB10_i1,heur_semigreedy2s_v3_a0.4,0,100,1244,10,10,FEASIBLE,1,0.935535,10000,0.0416265,396
r_n100_p0.25_nA10_nB20_i2,heur_semigreedy2s_v3_a0.4,0,100,1239,10,20,FEASIBLE,1,1.02743,10000,0.0205951,183
r_n100_p0.5_nA20_nB10_i0,heur_semigreedy2s_v3_a0.4,0,100,2477,20,10,FEASIBLE,4,2.40948,10000,1.09792,4625
r_n150_p0.25_nA30_nB30_i2,heur_semigreedy2s_v3_a0.4,0,150,2831,30,30,FEASIBLE,3,9.64817,15000,3.89139,6147
r_n100_p0.5_nA10_nB20_i1,heur_semigreedy2s_v3_a0.4,0,100,2527,10,20,FEASIBLE,2,1.81992,10000,0.00149621,5
r_n100_p0.5_nA20_nB20_i2,heur_semigreedy2s_v3_a0.4,0,100,2512,20,20,FEASIBLE,4,3.04125,10000,0.0120162,28
r_n150_p0.5_nA30_nB30_i1,heur_semigreedy2s_v3_a0.4,0,150,5527,30,30,FEASIBLE,6,16.5446,15000,2.31973,2076
r_n100_p0.25_nA20_nB10_i2,heur_semigreedy2s_v3_a0.4,0,100,1220,20,10,FEASIBLE,3,1.7479,10000,0.000601337,2
r_n100_p0.75_nA10_nB10_i1,heur_semigreedy2s_v3_a0.4,0,100,3700,10,10,FEASIBLE,3,1.80216,10000,0.00437953,20
r_n100_p0.25_nA20_nB10_i1,heur_semigreedy2s_v3_a0.4,0,100,1211,20,10,FEASIBLE,2,1.6986,10000,0.944633,5550
r_n100_p0.5_nA10_nB20_i2,heur_semigreedy2s_v3_a0.4,0,100,2502,10,20,FEASIBLE,2,1.90411,10000,0.00632602,33
r_n150_p0.25_nA15_nB15_i0,heur_semigreedy2s_v3_a0.4,0,150,2838,15,15,FEASIBLE,2,3.97903,15000,0.00335226,9
r_n150_p0.75_nA30_nB15_i2,heur_semigreedy2s_v3_a0.4,0,150,8302,30,15,FEASIBLE,10,8.9328,15000,0.843318,1234
r_n100_p0.75_nA20_nB10_i1,heur_semigreedy2s_v3_a0.4,0,100,3688,20,10,FEASIBLE,7,2.56216,10000,0.0402927,126
r_n100_p0.5_nA10_nB10_i2,heur_semigreedy2s_v3_a0.4,0,100,2530,10,10,FEASIBLE,2,1.57789,10000,0.0142939,75
r_n100_p0.5_nA20_nB20_i0,heur_semigreedy2s_v3_a0.4,0,100,2427,20,20,FEASIBLE,4,3.10443,10000,0.0465035,129
r_n100_p0.75_nA20_nB20_i1,heur_semigreedy2s_v3_a0.4,0,100,3719,20,20,FEASIBLE,7,4.05184,10000,0.00991129,19
r_n150_p0.5_nA30_nB30_i0,heur_semigreedy2s_v3_a0.4,0,150,5622,30,30,FEASIBLE,6,18.1706,15000,0.142456,111
r_n150_p0.25_nA30_nB15_i0,heur_semigreedy2s_v3_a0.4,0,150,2744,30,15,FEASIBLE,4,7.63227,15000,0.0112659,18
r_n100_p0.5_nA20_nB10_i1,heur_semigreedy2s_v3_a0.4,0,100,2493,20,10,FEASIBLE,4,2.52716,10000,0.395838,1602
r_n100_p0.25_nA20_nB10_i0,heur_semigreedy2s_v3_a0.4,0,100,1254,20,10,FEASIBLE,2,1.68763,10000,0.181863,1063
r_n150_p0.5_nA30_nB15_i1,heur_semigreedy2s_v3_a0.4,0,150,5532,30,15,FEASIBLE,6,14.3767,15000,10.2906,10801
r_n100_p0.75_nA10_nB20_i1,heur_semigreedy2s_v3_a0.4,0,100,3752,10,20,FEASIBLE,3,2.17342,10000,0.000948238,2
r_n150_p0.25_nA30_nB30_i0,heur_semigreedy2s_v3_a0.4,0,150,2776,30,30,FEASIBLE,3,9.5099,15000,1.80556,2966
r_n100_p0.5_nA20_nB20_i1,heur_semigreedy2s_v3_a0.4,0,100,2488,20,20,FEASIBLE,4,3.07099,10000,0.122825,377
