instance,solver,run,nvertices,nedges,n,m,nvars,ncons,state,time,nodes,nodesLeft,lb,ub,gap,ninfeas,ninfeasPrepro,ninfeasCheck,ninfeasAux,nint,ngcp,gcpTime,nsol,nsolHeur,nsolLR,ntrivial,rootlb,rootub,rootHeurTime,rootFeasTime,rootNCalls,rootNCallsPool,rootNCallsHeur,rootNCallsMwis1,rootNCallsMwis2,rootNCallsExact,rootNCols,rootNColsPool,rootNColsHeur,rootNColsMwis1,rootNColsMwis2,rootNColsExact,rootTime,rootTimePool,rootTimeHeur,rootTimeMwis1,rootTimeMwis2,rootTimeExact,otherNodesHeurTime,otherNodesFeasNCalls,otherNodesFeasTime,otherNodesNCalls,otherNodesNCallsPool,otherNodesNCallsHeur,otherNodesNCallsMwis1,otherNodesNCallsMwis2,otherNodesNCallsExact,otherNodesNCols,otherNodesNColsPool,otherNodesNColsHeur,otherNodesNColsMwis1,otherNodesNColsMwis2,otherNodesNColsExact,otherNodesTime,otherNodesTimePool,otherNodesTimeHeur,otherNodesTimeMwis1,otherNodesTimeMwis2,otherNodesTimeExact
r_n130_p0.25_nA26_nB13_i1,byp_r1,0,130,2181,26,13,-1,-1,FEASIBLE,367.368,1,1,1.89831,3.0,0.367229,0.0,0,0,0,0,0,0.0,1,1,0,0,1.89831,3.0,21.0742,0.0,457,0,296,0,0,161,295,0,135,0,0,160,346.172,0.0,0.0521201,0.0,0.0,346.12,0.0,0,0.0,0,0,0,0,0,0,0,0,0,0,0,0,0.0,0.0,0.0,0.0,0.0,0.0
r_n170_p0.75_nA34_nB17_i2,byp_r1,0,170,10813,34,17,-1,-1,FEASIBLE,385.942,1,1,9.50221,11.0,0.136163,0.0,0,0,0,0,0,0.0,1,1,0,0,9.50221,11.0,43.2661,0.0,432,0,316,0,0,116,315,0,200,0,0,115,342.546,0.0,0.106293,0.0,0.0,342.439,0.0,0,0.0,0,0,0,0,0,0,0,0,0,0,0,0,0.0,0.0,0.0,0.0,0.0,0.0
r_n170_p0.75_nA34_nB17_i0,byp_r1,0,170,10814,34,17,-1,-1,FEASIBLE,900.0,1,0,-1.79769e+308,11.0,1.79769e+306,0.0,0,0,0,0,0,0.0,1,1,0,0,8.65907,11.0,48.6493,0.0,465,0,330,0,0,135,330,0,195,0,0,135,859.313,0.0,0.136335,0.0,0.0,859.177,0.0,0,0.0,0,0,0,0,0,0,0,0,0,0,0,0,0.0,0.0,0.0,0.0,0.0,0.0
r_n170_p0.75_nA17_nB34_i4,byp_r1,0,170,10756,17,34,-1,-1,OPTIMAL,334.592,1,0,3.0,3.0,0.0,0.0,0,0,0,1,0,0.0,2,1,1,0,3.0,5.0,69.6916,0.0,148,0,108,0,0,40,107,0,68,0,0,39,264.854,0.0,0.0420031,0.0,0.0,264.812,0.0,0,0.0,0,0,0,0,0,0,0,0,0,0,0,0,0.0,0.0,0.0,0.0,0.0,0.0
r_n150_p0.5_nA15_nB30_i4,byp_r1,0,150,5679,15,30,-1,-1,FEASIBLE,257.617,1,1,1.7037,3.0,0.432099,0.0,0,0,0,0,0,0.0,1,1,0,0,1.7037,3.0,33.321,0.0,150,0,102,0,0,48,101,0,54,0,0,47,224.262,0.0,0.0256605,0.0,0.0,224.236,0.0,0,0.0,0,0,0,0,0,0,0,0,0,0,0,0,0.0,0.0,0.0,0.0,0.0,0.0
r_n130_p0.25_nA26_nB26_i0,byp_r1,0,130,2038,26,26,-1,-1,FEASIBLE,900.0,1,0,-1.79769e+308,3.0,1.79769e+306,0.0,0,0,0,0,0,0.0,1,1,0,0,1.69353,3.0,22.3541,0.0,402,0,282,0,0,120,282,0,162,0,0,120,893.106,0.0,0.0446147,0.0,0.0,893.061,0.0,0,0.0,0,0,0,0,0,0,0,0,0,0,0,0,0.0,0.0,0.0,0.0,0.0,0.0
r_n150_p0.5_nA30_nB30_i0,byp_r1,0,150,5548,30,30,-1,-1,FEASIBLE,900.0,1,0,-1.79769e+308,6.0,1.79769e+306,0.0,0,0,0,0,0,0.0,1,1,0,0,3.50544,6.0,66.3105,0.0,337,0,253,0,0,84,253,0,169,0,0,84,863.951,0.0,0.0641498,0.0,0.0,863.887,0.0,0,0.0,0,0,0,0,0,0,0,0,0,0,0,0,0.0,0.0,0.0,0.0,0.0,0.0
r_n130_p0.25_nA26_nB13_i3,byp_r1,0,130,2074,26,13,-1,-1,FEASIBLE,900.0,1,0,-1.79769e+308,3.0,1.79769e+306,0.0,0,0,0,0,0,0.0,1,1,0,0,1.79619,3.0,20.0066,0.0,422,0,292,0,0,130,292,0,162,0,0,130,896.983,0.0,0.0430641,0.0,0.0,896.94,0.0,0,0.0,0,0,0,0,0,0,0,0,0,0,0,0,0.0,0.0,0.0,0.0,0.0,0.0
r_n130_p0.25_nA26_nB26_i2,byp_r1,0,130,2100,26,26,-1,-1,FEASIBLE,629.457,1,1,1.78777,3.0,0.404076,0.0,0,0,0,0,0,0.0,1,1,0,0,1.78777,3.0,23.2752,0.0,364,0,253,0,0,111,252,0,142,0,0,110,606.074,0.0,0.0372555,0.0,0.0,606.037,0.0,0,0.0,0,0,0,0,0,0,0,0,0,0,0,0,0.0,0.0,0.0,0.0,0.0,0.0
r_n150_p0.5_nA15_nB15_i4,byp_r1,0,150,5682,15,15,-1,-1,FEASIBLE,900.0,1,0,-1.79769e+308,3.0,1.79769e+306,0.0,0,0,0,0,0,0.0,1,1,0,0,1.72692,3.0,29.7438,0.0,189,0,122,0,0,67,122,0,55,0,0,67,886.663,0.0,0.0359091,0.0,0.0,886.627,0.0,0,0.0,0,0,0,0,0,0,0,0,0,0,0,0,0.0,0.0,0.0,0.0,0.0,0.0
r_n130_p0.25_nA26_nB13_i2,byp_r1,0,130,2097,26,13,-1,-1,FEASIBLE,900.0,1,0,-1.79769e+308,3.0,1.79769e+306,0.0,0,0,0,0,0,0.0,1,1,0,0,1.82466,3.0,20.3006,0.0,442,0,294,0,0,148,294,0,146,0,0,148,881.629,0.0,0.0449872,0.0,0.0,881.584,0.0,0,0.0,0,0,0,0,0,0,0,0,0,0,0,0,0.0,0.0,0.0,0.0,0.0,0.0
r_n150_p0.5_nA30_nB15_i1,byp_r1,0,150,5541,30,15,-1,-1,FEASIBLE,689.353,1,1,4.27373,7.0,0.389467,0.0,0,0,0,0,0,0.0,1,1,0,0,4.27373,7.0,46.4353,0.0,498,0,346,0,0,152,345,0,194,0,0,151,642.758,0.0,0.0804329,0.0,0.0,642.678,0.0,0,0.0,0,0,0,0,0,0,0,0,0,0,0,0,0.0,0.0,0.0,0.0,0.0,0.0
r_n170_p0.75_nA17_nB34_i3,byp_r1,0,170,10775,17,34,-1,-1,FEASIBLE,324.117,1,1,3.1,5.0,0.38,0.0,0,0,0,0,0,0.0,1,1,0,0,3.1,5.0,70.0172,0.0,145,0,107,0,0,38,106,0,69,0,0,37,254.056,0.0,0.0413992,0.0,0.0,254.015,0.0,0,0.0,0,0,0,0,0,0,0,0,0,0,0,0,0.0,0.0,0.0,0.0,0.0,0.0
r_n170_p0.75_nA17_nB17_i0,byp_r1,0,170,10814,17,17,-1,-1,FEASIBLE,498.895,1,1,3.13766,5.0,0.372468,0.0,0,0,0,0,0,0.0,1,1,0,0,3.13766,5.0,59.1988,0.0,178,0,125,0,0,53,124,0,72,0,0,52,439.644,0.0,0.0487243,0.0,0.0,439.595,0.0,0,0.0,0,0,0,0,0,0,0,0,0,0,0,0,0.0,0.0,0.0,0.0,0.0,0.0
r_n130_p0.25_nA26_nB13_i4,byp_r1,0,130,2115,26,13,-1,-1,FEASIBLE,867.86,1,1,1.83232,3.0,0.389227,0.0,0,0,0,0,0,0.0,1,1,0,0,1.83232,3.0,20.7872,0.0,471,0,315,0,0,156,314,0,159,0,0,155,846.941,0.0,0.0457485,0.0,0.0,846.895,0.0,0,0.0,0,0,0,0,0,0,0,0,0,0,0,0,0.0,0.0,0.0,0.0,0.0,0.0
r_n150_p0.5_nA30_nB15_i4,byp_r1,0,150,5636,30,15,-1,-1,FEASIBLE,900.0,1,0,-1.79769e+308,6.0,1.79769e+306,0.0,0,0,0,0,0,0.0,1,1,0,0,4.02178,6.0,54.0389,0.0,441,0,330,0,0,111,330,0,219,0,0,111,851.306,0.0,0.0847609,0.0,0.0,851.221,0.0,0,0.0,0,0,0,0,0,0,0,0,0,0,0,0,0.0,0.0,0.0,0.0,0.0,0.0
r_n150_p0.5_nA15_nB30_i3,byp_r1,0,150,5618,15,30,-1,-1,OPTIMAL,181.711,1,0,2.0,2.0,0.0,0.0,0,0,0,0,0,0.0,1,1,0,0,1.6478,2.0,32.5379,0.0,128,0,88,0,0,40,87,0,48,0,0,39,149.143,0.0,0.021648,0.0,0.0,149.121,0.0,0,0.0,0,0,0,0,0,0,0,0,0,0,0,0,0.0,0.0,0.0,0.0,0.0,0.0
r_n170_p0.75_nA17_nB17_i2,byp_r1,0,170,10804,17,17,-1,-1,FEASIBLE,348.195,1,1,3.01137,5.0,0.397726,0.0,0,0,0,0,0,0.0,1,1,0,0,3.01137,5.0,59.0701,0.0,159,0,116,0,0,43,115,0,73,0,0,42,289.076,0.0,0.0448366,0.0,0.0,289.031,0.0,0,0.0,0,0,0,0,0,0,0,0,0,0,0,0,0.0,0.0,0.0,0.0,0.0,0.0
r_n170_p0.75_nA17_nB34_i1,byp_r1,0,170,10781,17,34,-1,-1,FEASIBLE,343.254,1,1,3.06,5.0,0.388,0.0,0,0,0,0,0,0.0,1,1,0,0,3.06,5.0,72.2806,0.0,146,0,103,0,0,43,102,0,60,0,0,42,270.929,0.0,0.0470509,0.0,0.0,270.882,0.0,0,0.0,0,0,0,0,0,0,0,0,0,0,0,0,0.0,0.0,0.0,0.0,0.0,0.0
r_n150_p0.5_nA15_nB15_i1,byp_r1,0,150,5542,15,15,-1,-1,FEASIBLE,367.753,1,1,1.68654,3.0,0.43782,0.0,0,0,0,0,0,0.0,1,1,0,0,1.68654,3.0,28.6551,0.0,154,0,105,0,0,49,104,0,56,0,0,48,339.061,0.0,0.0261104,0.0,0.0,339.035,0.0,0,0.0,0,0,0,0,0,0,0,0,0,0,0,0,0.0,0.0,0.0,0.0,0.0,0.0
r_n150_p0.5_nA15_nB30_i2,byp_r1,0,150,5529,15,30,-1,-1,OPTIMAL,275.605,1,0,2.0,2.0,0.0,0.0,0,0,0,0,0,0.0,1,1,0,0,1.66667,2.0,31.8943,0.0,132,0,93,0,0,39,92,0,54,0,0,38,243.679,0.0,0.0225689,0.0,0.0,243.657,0.0,0,0.0,0,0,0,0,0,0,0,0,0,0,0,0,0.0,0.0,0.0,0.0,0.0,0.0
r_n170_p0.75_nA17_nB17_i4,byp_r1,0,170,10685,17,17,-1,-1,FEASIBLE,467.541,1,1,2.99756,5.0,0.400488,0.0,0,0,0,0,0,0.0,1,1,0,0,2.99756,5.0,59.3146,0.0,196,0,139,0,0,57,138,0,82,0,0,56,408.17,0.0,0.0551547,0.0,0.0,408.115,0.0,0,0.0,0,0,0,0,0,0,0,0,0,0,0,0,0.0,0.0,0.0,0.0,0.0,0.0
r_n150_p0.5_nA30_nB30_i4,byp_r1,0,150,5637,30,30,-1,-1,FEASIBLE,900.0,1,0,-1.79769e+308,6.0,1.79769e+306,0.0,0,0,0,0,0,0.0,1,1,0,0,3.5623,6.0,65.2782,0.0,360,0,268,0,0,92,268,0,176,0,0,92,842.604,0.0,0.0698283,0.0,0.0,842.534,0.0,0,0.0,0,0,0,0,0,0,0,0,0,0,0,0,0.0,0.0,0.0,0.0,0.0,0.0
r_n170_p0.75_nA34_nB34_i2,byp_r1,0,170,10798,34,34,-1,-1,FEASIBLE,900.0,1,1,6.78895,9.0,0.245673,0.0,0,0,0,0,0,0.0,1,1,0,0,6.78895,9.0,132.61,0.0,299,0,216,0,0,83,215,0,133,0,0,82,779.108,0.0,0.0830472,0.0,0.0,779.025,0.0,0,0.0,0,0,0,0,0,0,0,0,0,0,0,0,0.0,0.0,0.0,0.0,0.0,0.0
r_n150_p0.5_nA15_nB30_i1,byp_r1,0,150,5541,15,30,-1,-1,OPTIMAL,264.098,1,0,2.0,2.0,0.0,0.0,0,0,0,0,0,0.0,1,1,0,0,1.69245,2.0,33.3509,0.0,143,0,97,0,0,46,96,0,51,0,0,45,230.714,0.0,0.0243636,0.0,0.0,230.69,0.0,0,0.0,0,0,0,0,0,0,0,0,0,0,0,0,0.0,0.0,0.0,0.0,0.0,0.0
r_n130_p0.25_nA26_nB26_i4,byp_r1,0,130,2121,26,26,-1,-1,FEASIBLE,444.373,1,1,1.81311,3.0,0.395629,0.0,0,0,0,0,0,0.0,1,1,0,0,1.81311,3.0,22.6104,0.0,383,0,272,0,0,111,271,0,161,0,0,110,421.648,0.0,0.040628,0.0,0.0,421.608,0.0,0,0.0,0,0,0,0,0,0,0,0,0,0,0,0,0.0,0.0,0.0,0.0,0.0,0.0
r_n170_p0.75_nA34_nB17_i4,byp_r1,0,170,10756,34,17,-1,-1,FEASIBLE,467.168,1,1,9.20513,12.0,0.232906,0.0,0,0,0,0,0,0.0,1,1,0,0,9.20513,12.0,48.193,0.0,416,0,282,0,0,134,281,0,148,0,0,133,418.853,0.0,0.113098,0.0,0.0,418.74,0.0,0,0.0,0,0,0,0,0,0,0,0,0,0,0,0,0.0,0.0,0.0,0.0,0.0,0.0
r_n150_p0.5_nA30_nB30_i2,byp_r1,0,150,5522,30,30,-1,-1,FEASIBLE,900.0,1,0,-1.79769e+308,6.0,1.79769e+306,0.0,0,0,0,0,0,0.0,1,1,0,0,3.42136,6.0,66.6907,0.0,349,0,262,0,0,87,262,0,175,0,0,87,865.944,0.0,0.0604776,0.0,0.0,865.883,0.0,0,0.0,0,0,0,0,0,0,0,0,0,0,0,0,0.0,0.0,0.0,0.0,0.0,0.0
r_n130_p0.25_nA26_nB26_i3,byp_r1,0,130,2070,26,26,-1,-1,FEASIBLE,900.0,1,0,-1.79769e+308,3.0,1.79769e+306,0.0,0,0,0,0,0,0.0,1,1,0,0,1.70543,3.0,22.8428,0.0,402,0,273,0,0,129,273,0,144,0,0,129,879.201,0.0,0.0408213,0.0,0.0,879.161,0.0,0,0.0,0,0,0,0,0,0,0,0,0,0,0,0,0.0,0.0,0.0,0.0,0.0,0.0
r_n170_p0.75_nA34_nB34_i1,byp_r1,0,170,10786,34,34,-1,-1,FEASIBLE,900.0,1,0,-1.79769e+308,10.0,1.79769e+306,0.0,0,0,0,0,0,0.0,1,1,0,0,6.60242,10.0,135.141,0.0,361,0,274,0,0,87,274,0,187,0,0,87,781.919,0.0,0.104206,0.0,0.0,781.815,0.0,0,0.0,0,0,0,0,0,0,0,0,0,0,0,0,0.0,0.0,0.0,0.0,0.0,0.0
r_n150_p0.5_nA15_nB15_i0,byp_r1,0,150,5548,15,15,-1,-1,FEASIBLE,523.009,1,1,1.64516,3.0,0.451613,0.0,0,0,0,0,0,0.0,1,1,0,0,1.64516,3.0,28.5312,0.0,169,0,116,0,0,53,115,0,63,0,0,52,494.439,0.0,0.0337323,0.0,0.0,494.405,0.0,0,0.0,0,0,0,0,0,0,0,0,0,0,0,0,0.0,0.0,0.0,0.0,0.0,0.0
r_n170_p0.75_nA17_nB34_i0,byp_r1,0,170,10814,17,34,-1,-1,FEASIBLE,900.0,1,0,-1.79769e+308,5.0,1.79769e+306,0.0,0,0,0,0,0,0.0,1,1,0,0,3.02332,5.0,70.7783,0.0,232,0,145,0,0,87,145,0,58,0,0,87,829.362,0.0,0.0683143,0.0,0.0,829.294,0.0,0,0.0,0,0,0,0,0,0,0,0,0,0,0,0,0.0,0.0,0.0,0.0,0.0,0.0
r_n170_p0.75_nA17_nB17_i1,byp_r1,0,170,10787,17,17,-1,-1,FEASIBLE,447.033,1,1,3.07208,5.0,0.385584,0.0,0,0,0,0,0,0.0,1,1,0,0,3.07208,5.0,62.2595,0.0,163,0,112,0,0,51,111,0,61,0,0,50,384.725,0.0,0.0425239,0.0,0.0,384.683,0.0,0,0.0,0,0,0,0,0,0,0,0,0,0,0,0,0.0,0.0,0.0,0.0,0.0,0.0
r_n150_p0.5_nA30_nB30_i1,byp_r1,0,150,5562,30,30,-1,-1,FEASIBLE,900.0,1,0,-1.79769e+308,6.0,1.79769e+306,0.0,0,0,0,0,0,0.0,1,1,0,0,3.70133,6.0,67.5043,0.0,310,0,225,0,0,85,225,0,140,0,0,85,857.935,0.0,0.0556964,0.0,0.0,857.879,0.0,0,0.0,0,0,0,0,0,0,0,0,0,0,0,0,0.0,0.0,0.0,0.0,0.0,0.0
r_n150_p0.5_nA30_nB30_i3,byp_r1,0,150,5675,30,30,-1,-1,FEASIBLE,900.0,1,0,-1.79769e+308,6.0,1.79769e+306,0.0,0,0,0,0,0,0.0,1,1,0,0,3.57386,6.0,67.2007,0.0,386,0,285,0,0,101,285,0,184,0,0,101,864.041,0.0,0.0751945,0.0,0.0,863.965,0.0,0,0.0,0,0,0,0,0,0,0,0,0,0,0,0,0.0,0.0,0.0,0.0,0.0,0.0
r_n150_p0.5_nA30_nB15_i0,byp_r1,0,150,5548,30,15,-1,-1,FEASIBLE,900.0,1,0,-1.79769e+308,6.0,1.79769e+306,0.0,0,0,0,0,0,0.0,1,1,0,0,3.86084,6.0,54.6739,0.0,441,0,306,0,0,135,306,0,171,0,0,135,849.137,0.0,0.0775498,0.0,0.0,849.059,0.0,0,0.0,0,0,0,0,0,0,0,0,0,0,0,0,0.0,0.0,0.0,0.0,0.0,0.0
r_n130_p0.25_nA26_nB13_i0,byp_r1,0,130,2038,26,13,-1,-1,FEASIBLE,900.0,1,0,-1.79769e+308,3.0,1.79769e+306,0.0,0,0,0,0,0,0.0,1,1,0,0,1.76301,3.0,21.3699,0.0,456,0,302,0,0,154,302,0,148,0,0,154,880.501,0.0,0.0470712,0.0,0.0,880.454,0.0,0,0.0,0,0,0,0,0,0,0,0,0,0,0,0,0.0,0.0,0.0,0.0,0.0,0.0
r_n150_p0.5_nA30_nB15_i2,byp_r1,0,150,5525,30,15,-1,-1,FEASIBLE,900.0,1,0,-1.79769e+308,6.0,1.79769e+306,0.0,0,0,0,0,0,0.0,1,1,0,0,3.8236,6.0,53.0293,0.0,442,0,326,0,0,116,326,0,210,0,0,116,850.997,0.0,0.0765664,0.0,0.0,850.92,0.0,0,0.0,0,0,0,0,0,0,0,0,0,0,0,0,0.0,0.0,0.0,0.0,0.0,0.0
r_n170_p0.75_nA34_nB34_i3,byp_r1,0,170,10760,34,34,-1,-1,FEASIBLE,839.56,1,1,6.47379,10.0,0.352621,0.0,0,0,0,0,0,0.0,1,1,0,0,6.47379,10.0,135.451,0.0,342,0,258,0,0,84,257,0,174,0,0,83,703.962,0.0,0.0987545,0.0,0.0,703.864,0.0,0,0.0,0,0,0,0,0,0,0,0,0,0,0,0,0.0,0.0,0.0,0.0,0.0,0.0
r_n130_p0.25_nA26_nB26_i1,byp_r1,0,130,2071,26,26,-1,-1,FEASIBLE,900.0,1,0,-1.79769e+308,3.0,1.79769e+306,0.0,0,0,0,0,0,0.0,1,1,0,0,1.74146,3.0,22.3331,0.0,367,0,257,0,0,110,257,0,147,0,0,110,890.528,0.0,0.0388887,0.0,0.0,890.489,0.0,0,0.0,0,0,0,0,0,0,0,0,0,0,0,0,0.0,0.0,0.0,0.0,0.0,0.0
r_n170_p0.75_nA34_nB17_i1,byp_r1,0,170,10786,34,17,-1,-1,FEASIBLE,900.0,1,0,-1.79769e+308,12.0,1.79769e+306,0.0,0,0,0,0,0,0.0,1,1,0,0,9.60281,12.0,51.1626,0.0,450,0,309,0,0,141,309,0,168,0,0,141,857.078,0.0,0.130376,0.0,0.0,856.947,0.0,0,0.0,0,0,0,0,0,0,0,0,0,0,0,0,0.0,0.0,0.0,0.0,0.0,0.0
r_n170_p0.75_nA17_nB34_i2,byp_r1,0,170,10800,17,34,-1,-1,FEASIBLE,356.348,1,1,3.05466,5.0,0.389069,0.0,0,0,0,0,0,0.0,1,1,0,0,3.05466,5.0,73.7506,0.0,136,0,90,0,0,46,89,0,44,0,0,45,282.558,0.0,0.0373166,0.0,0.0,282.52,0.0,0,0.0,0,0,0,0,0,0,0,0,0,0,0,0,0.0,0.0,0.0,0.0,0.0,0.0
r_n150_p0.5_nA15_nB15_i3,byp_r1,0,150,5673,15,15,-1,-1,FEASIBLE,342.233,1,1,1.69616,3.0,0.434612,0.0,0,0,0,0,0,0.0,1,1,0,0,1.69616,3.0,29.2394,0.0,179,0,121,0,0,58,120,0,63,0,0,57,312.953,0.0,0.0296687,0.0,0.0,312.923,0.0,0,0.0,0,0,0,0,0,0,0,0,0,0,0,0,0.0,0.0,0.0,0.0,0.0,0.0
r_n170_p0.75_nA34_nB34_i0,byp_r1,0,170,10814,34,34,-1,-1,FEASIBLE,900.0,1,0,-1.79769e+308,10.0,1.79769e+306,0.0,0,0,0,0,0,0.0,1,1,0,0,6.61714,10.0,136.604,0.0,349,0,253,0,0,96,253,0,157,0,0,96,771.967,0.0,0.0909249,0.0,0.0,771.876,0.0,0,0.0,0,0,0,0,0,0,0,0,0,0,0,0,0.0,0.0,0.0,0.0,0.0,0.0
r_n170_p0.75_nA34_nB17_i3,byp_r1,0,170,10775,34,17,-1,-1,FEASIBLE,577.648,1,1,8.65912,11.0,0.212807,0.0,0,0,0,0,0,0.0,1,1,0,0,8.65912,11.0,62.1985,0.0,414,0,289,0,0,125,288,0,164,0,0,124,515.325,0.0,0.111763,0.0,0.0,515.213,0.0,0,0.0,0,0,0,0,0,0,0,0,0,0,0,0,0.0,0.0,0.0,0.0,0.0,0.0
r_n170_p0.75_nA17_nB17_i3,byp_r1,0,170,10751,17,17,-1,-1,FEASIBLE,479.25,1,1,3.15887,5.0,0.368226,0.0,0,0,0,0,0,0.0,1,1,0,0,3.15887,5.0,58.6247,0.0,167,0,118,0,0,49,117,0,69,0,0,48,420.576,0.0,0.0467489,0.0,0.0,420.529,0.0,0,0.0,0,0,0,0,0,0,0,0,0,0,0,0,0.0,0.0,0.0,0.0,0.0,0.0
r_n150_p0.5_nA15_nB30_i0,byp_r1,0,150,5548,15,30,-1,-1,OPTIMAL,259.248,1,0,2.0,2.0,0.0,0.0,0,0,0,0,0,0.0,1,1,0,0,1.64356,2.0,31.2518,0.0,146,0,102,0,0,44,101,0,58,0,0,43,227.962,0.0,0.0263027,0.0,0.0,227.935,0.0,0,0.0,0,0,0,0,0,0,0,0,0,0,0,0,0.0,0.0,0.0,0.0,0.0,0.0
r_n150_p0.5_nA15_nB15_i2,byp_r1,0,150,5568,15,15,-1,-1,OPTIMAL,595.798,1,0,2.0,2.0,0.0,0.0,0,0,0,0,0,0.0,1,1,0,0,1.70119,2.0,28.1737,0.0,173,0,118,0,0,55,117,0,63,0,0,54,567.585,0.0,0.0341956,0.0,0.0,567.55,0.0,0,0.0,0,0,0,0,0,0,0,0,0,0,0,0,0.0,0.0,0.0,0.0,0.0,0.0
r_n150_p0.5_nA30_nB15_i3,byp_r1,0,150,5675,30,15,-1,-1,FEASIBLE,900.0,1,0,-1.79769e+308,6.0,1.79769e+306,0.0,0,0,0,0,0,0.0,1,1,0,0,4.06301,6.0,55.6916,0.0,429,0,309,0,0,120,309,0,189,0,0,120,860.632,0.0,0.0740665,0.0,0.0,860.558,0.0,0,0.0,0,0,0,0,0,0,0,0,0,0,0,0,0.0,0.0,0.0,0.0,0.0,0.0
r_n170_p0.75_nA34_nB34_i4,byp_r1,0,170,10757,34,34,-1,-1,FEASIBLE,900.0,1,0,-1.79769e+308,10.0,1.79769e+306,0.0,0,0,0,0,0,0.0,1,1,0,0,6.50235,10.0,138.575,0.0,314,0,237,0,0,77,237,0,160,0,0,77,766.89,0.0,0.090001,0.0,0.0,766.8,0.0,0,0.0,0,0,0,0,0,0,0,0,0,0,0,0,0.0,0.0,0.0,0.0,0.0,0.0
r_n130_p0.25_nA26_nB13_i1,byp_r100,0,130,2181,26,13,-1,-1,FEASIBLE,285.326,1,1,1.89831,3.0,0.367229,0.0,0,0,0,0,0,0.0,1,1,0,0,1.89831,3.0,20.8029,0.0,11755,0,11700,0,0,55,924,0,870,0,0,54,264.426,0.0,1.07051,0.0,0.0,263.356,0.0,0,0.0,0,0,0,0,0,0,0,0,0,0,0,0,0.0,0.0,0.0,0.0,0.0,0.0
r_n170_p0.75_nA34_nB17_i2,byp_r100,0,170,10813,34,17,-1,-1,FEASIBLE,381.74,1,1,9.50221,11.0,0.136163,0.0,0,0,0,0,0,0.0,1,1,0,0,9.50221,11.0,43.3869,0.0,11261,0,11200,0,0,61,1570,0,1510,0,0,60,338.242,0.0,1.71319,0.0,0.0,336.529,0.0,0,0.0,0,0,0,0,0,0,0,0,0,0,0,0,0.0,0.0,0.0,0.0,0.0,0.0
r_n170_p0.75_nA34_nB17_i0,byp_r100,0,170,10814,34,17,-1,-1,FEASIBLE,464.803,1,1,8.65907,11.0,0.212812,0.0,0,0,0,0,0,0.0,1,1,0,0,8.65907,11.0,48.8489,0.0,9040,0,9000,0,0,40,1675,0,1636,0,0,39,415.85,0.0,1.50995,0.0,0.0,414.34,0.0,0,0.0,0,0,0,0,0,0,0,0,0,0,0,0,0.0,0.0,0.0,0.0,0.0,0.0
r_n170_p0.75_nA17_nB34_i4,byp_r100,0,170,10756,17,34,-1,-1,OPTIMAL,181.556,1,0,3.0,3.0,0.0,0.0,0,0,0,1,0,0.0,2,1,1,0,3.0,5.0,69.4618,0.0,2008,0,2000,0,0,8,474,0,467,0,0,7,112.068,0.0,0.35111,0.0,0.0,111.716,0.0,0,0.0,0,0,0,0,0,0,0,0,0,0,0,0,0.0,0.0,0.0,0.0,0.0,0.0
r_n150_p0.5_nA15_nB30_i4,byp_r100,0,150,5679,15,30,-1,-1,FEASIBLE,119.815,1,1,1.7037,3.0,0.432099,0.0,0,0,0,0,0,0.0,1,1,0,0,1.7037,3.0,33.4198,0.0,3107,0,3100,0,0,7,504,0,498,0,0,6,86.3729,0.0,0.425975,0.0,0.0,85.9469,0.0,0,0.0,0,0,0,0,0,0,0,0,0,0,0,0,0.0,0.0,0.0,0.0,0.0,0.0
r_n130_p0.25_nA26_nB26_i0,byp_r100,0,130,2038,26,26,-1,-1,FEASIBLE,900.0,1,0,-1.79769e+308,3.0,1.79769e+306,0.0,0,0,0,0,0,0.0,1,1,0,0,1.69353,3.0,22.4049,0.0,12059,0,12000,0,0,59,955,0,896,0,0,59,888.143,0.0,1.15692,0.0,0.0,886.986,0.0,0,0.0,0,0,0,0,0,0,0,0,0,0,0,0,0.0,0.0,0.0,0.0,0.0,0.0
r_n150_p0.5_nA30_nB30_i0,byp_r100,0,150,5548,30,30,-1,-1,FEASIBLE,900.0,1,0,-1.79769e+308,6.0,1.79769e+306,0.0,0,0,0,0,0,0.0,1,1,0,0,3.50246,6.0,66.4251,0.0,7029,0,7000,0,0,29,884,0,855,0,0,29,837.69,0.0,0.961782,0.0,0.0,836.728,0.0,0,0.0,0,0,0,0,0,0,0,0,0,0,0,0,0.0,0.0,0.0,0.0,0.0,0.0
r_n130_p0.25_nA26_nB13_i3,byp_r100,0,130,2074,26,13,-1,-1,FEASIBLE,900.0,1,0,-1.79769e+308,3.0,1.79769e+306,0.0,0,0,0,0,0,0.0,1,1,0,0,1.7915,3.0,20.0975,0.0,12048,0,12000,0,0,48,1187,0,1139,0,0,48,899.778,0.0,1.10311,0.0,0.0,898.675,0.0,0,0.0,0,0,0,0,0,0,0,0,0,0,0,0,0.0,0.0,0.0,0.0,0.0,0.0
r_n130_p0.25_nA26_nB26_i2,byp_r100,0,130,2100,26,26,-1,-1,FEASIBLE,900.0,1,0,-1.79769e+308,3.0,1.79769e+306,0.0,0,0,0,0,0,0.0,1,1,0,0,1.78777,3.0,23.4138,0.0,11557,0,11500,0,0,57,932,0,875,0,0,57,884.931,0.0,1.08333,0.0,0.0,883.847,0.0,0,0.0,0,0,0,0,0,0,0,0,0,0,0,0,0.0,0.0,0.0,0.0,0.0,0.0
r_n150_p0.5_nA15_nB15_i4,byp_r100,0,150,5682,15,15,-1,-1,FEASIBLE,354.071,1,1,1.72692,3.0,0.42436,0.0,0,0,0,0,0,0.0,1,1,0,0,1.72692,3.0,29.6634,0.0,4315,0,4300,0,0,15,481,0,467,0,0,14,324.379,0.0,0.58381,0.0,0.0,323.795,0.0,0,0.0,0,0,0,0,0,0,0,0,0,0,0,0,0.0,0.0,0.0,0.0,0.0,0.0
r_n130_p0.25_nA26_nB13_i2,byp_r100,0,130,2097,26,13,-1,-1,FEASIBLE,900.0,1,0,-1.79769e+308,3.0,1.79769e+306,0.0,0,0,0,0,0,0.0,1,1,0,0,1.82085,3.0,20.345,0.0,12454,0,12400,0,0,54,1047,0,993,0,0,54,891.123,0.0,1.15998,0.0,0.0,889.963,0.0,0,0.0,0,0,0,0,0,0,0,0,0,0,0,0,0.0,0.0,0.0,0.0,0.0,0.0
r_n150_p0.5_nA30_nB15_i1,byp_r100,0,150,5541,30,15,-1,-1,FEASIBLE,482.423,1,1,4.27373,7.0,0.389467,0.0,0,0,0,0,0,0.0,1,1,0,0,4.27373,7.0,46.5364,0.0,9346,0,9300,0,0,46,1239,0,1194,0,0,45,435.794,0.0,1.12716,0.0,0.0,434.667,0.0,0,0.0,0,0,0,0,0,0,0,0,0,0,0,0,0.0,0.0,0.0,0.0,0.0,0.0
r_n170_p0.75_nA17_nB34_i3,byp_r100,0,170,10775,17,34,-1,-1,FEASIBLE,107.341,1,1,3.1,5.0,0.38,0.0,0,0,0,0,0,0.0,1,1,0,0,3.1,5.0,69.2608,0.0,1803,0,1800,0,0,3,473,0,471,0,0,2,38.0551,0.0,0.31057,0.0,0.0,37.7446,0.0,0,0.0,0,0,0,0,0,0,0,0,0,0,0,0,0.0,0.0,0.0,0.0,0.0,0.0
r_n170_p0.75_nA17_nB17_i0,byp_r100,0,170,10814,17,17,-1,-1,FEASIBLE,158.159,1,1,3.13766,5.0,0.372468,0.0,0,0,0,0,0,0.0,1,1,0,0,3.13766,5.0,58.5681,0.0,2607,0,2600,0,0,7,469,0,463,0,0,6,99.5612,0.0,0.446664,0.0,0.0,99.1145,0.0,0,0.0,0,0,0,0,0,0,0,0,0,0,0,0,0.0,0.0,0.0,0.0,0.0,0.0
r_n130_p0.25_nA26_nB13_i4,byp_r100,0,130,2115,26,13,-1,-1,FEASIBLE,725.074,1,1,1.83232,3.0,0.389227,0.0,0,0,0,0,0,0.0,1,1,0,0,1.83232,3.0,20.7053,0.0,11748,0,11700,0,0,48,1115,0,1068,0,0,47,704.255,0.0,1.10944,0.0,0.0,703.145,0.0,0,0.0,0,0,0,0,0,0,0,0,0,0,0,0,0.0,0.0,0.0,0.0,0.0,0.0
r_n150_p0.5_nA30_nB15_i4,byp_r100,0,150,5636,30,15,-1,-1,FEASIBLE,900.0,1,0,-1.79769e+308,6.0,1.79769e+306,0.0,0,0,0,0,0,0.0,1,1,0,0,4.00962,6.0,53.9079,0.0,8443,0,8400,0,0,43,1357,0,1314,0,0,43,862.624,0.0,1.18432,0.0,0.0,861.44,0.0,0,0.0,0,0,0,0,0,0,0,0,0,0,0,0,0.0,0.0,0.0,0.0,0.0,0.0
r_n150_p0.5_nA15_nB30_i3,byp_r100,0,150,5618,15,30,-1,-1,OPTIMAL,144.544,1,0,2.0,2.0,0.0,0.0,0,0,0,0,0,0.0,1,1,0,0,1.6478,2.0,32.4513,0.0,3213,0,3200,0,0,13,429,0,417,0,0,12,112.07,0.0,0.432168,0.0,0.0,111.638,0.0,0,0.0,0,0,0,0,0,0,0,0,0,0,0,0,0.0,0.0,0.0,0.0,0.0,0.0
r_n170_p0.75_nA17_nB17_i2,byp_r100,0,170,10804,17,17,-1,-1,FEASIBLE,138.318,1,1,3.01137,5.0,0.397726,0.0,0,0,0,0,0,0.0,1,1,0,0,3.01137,5.0,58.8137,0.0,2406,0,2400,0,0,6,492,0,487,0,0,5,79.4759,0.0,0.394391,0.0,0.0,79.0815,0.0,0,0.0,0,0,0,0,0,0,0,0,0,0,0,0,0.0,0.0,0.0,0.0,0.0,0.0
r_n170_p0.75_nA17_nB34_i1,byp_r100,0,170,10781,17,34,-1,-1,FEASIBLE,208.999,1,1,3.06,5.0,0.388,0.0,0,0,0,0,0,0.0,1,1,0,0,3.06,5.0,71.491,0.0,3813,0,3800,0,0,13,502,0,490,0,0,12,137.474,0.0,0.663572,0.0,0.0,136.81,0.0,0,0.0,0,0,0,0,0,0,0,0,0,0,0,0,0.0,0.0,0.0,0.0,0.0,0.0
r_n150_p0.5_nA15_nB15_i1,byp_r100,0,150,5542,15,15,-1,-1,FEASIBLE,216.585,1,1,1.68654,3.0,0.43782,0.0,0,0,0,0,0,0.0,1,1,0,0,1.68654,3.0,28.5594,0.0,3613,0,3600,0,0,13,492,0,480,0,0,12,188.001,0.0,0.463343,0.0,0.0,187.537,0.0,0,0.0,0,0,0,0,0,0,0,0,0,0,0,0,0.0,0.0,0.0,0.0,0.0,0.0
r_n150_p0.5_nA15_nB30_i2,byp_r100,0,150,5529,15,30,-1,-1,OPTIMAL,280.736,1,0,2.0,2.0,0.0,0.0,0,0,0,0,0,0.0,1,1,0,0,1.66667,2.0,31.8972,0.0,3313,0,3300,0,0,13,413,0,401,0,0,12,248.816,0.0,0.450006,0.0,0.0,248.366,0.0,0,0.0,0,0,0,0,0,0,0,0,0,0,0,0,0.0,0.0,0.0,0.0,0.0,0.0
r_n170_p0.75_nA17_nB17_i4,byp_r100,0,170,10685,17,17,-1,-1,FEASIBLE,179.561,1,1,2.99756,5.0,0.400488,0.0,0,0,0,0,0,0.0,1,1,0,0,2.99756,5.0,59.5933,0.0,2908,0,2900,0,0,8,546,0,539,0,0,7,119.935,0.0,0.501071,0.0,0.0,119.434,0.0,0,0.0,0,0,0,0,0,0,0,0,0,0,0,0,0.0,0.0,0.0,0.0,0.0,0.0
r_n150_p0.5_nA30_nB30_i4,byp_r100,0,150,5637,30,30,-1,-1,FEASIBLE,690.598,1,1,3.55857,6.0,0.406904,0.0,0,0,0,0,0,0.0,1,1,0,0,3.55857,6.0,65.2305,0.0,6622,0,6600,0,0,22,967,0,946,0,0,21,625.284,0.0,0.930874,0.0,0.0,624.353,0.0,0,0.0,0,0,0,0,0,0,0,0,0,0,0,0,0.0,0.0,0.0,0.0,0.0,0.0
r_n170_p0.75_nA34_nB34_i2,byp_r100,0,170,10798,34,34,-1,-1,FEASIBLE,540.743,1,1,6.78895,9.0,0.245673,0.0,0,0,0,0,0,0.0,1,1,0,0,6.78895,9.0,132.563,0.0,4820,0,4800,0,0,20,818,0,799,0,0,19,408.116,0.0,0.802343,0.0,0.0,407.313,0.0,0,0.0,0,0,0,0,0,0,0,0,0,0,0,0,0.0,0.0,0.0,0.0,0.0,0.0
r_n150_p0.5_nA15_nB30_i1,byp_r100,0,150,5541,15,30,-1,-1,OPTIMAL,176.633,1,0,2.0,2.0,0.0,0.0,0,0,0,0,0,0.0,1,1,0,0,1.69245,2.0,33.2354,0.0,3910,0,3900,0,0,10,419,0,410,0,0,9,143.373,0.0,0.532021,0.0,0.0,142.841,0.0,0,0.0,0,0,0,0,0,0,0,0,0,0,0,0,0.0,0.0,0.0,0.0,0.0,0.0
r_n130_p0.25_nA26_nB26_i4,byp_r100,0,130,2121,26,26,-1,-1,FEASIBLE,418.568,1,1,1.81311,3.0,0.395629,0.0,0,0,0,0,0,0.0,1,1,0,0,1.81311,3.0,22.6095,0.0,9849,0,9800,0,0,49,830,0,782,0,0,48,395.867,0.0,0.908844,0.0,0.0,394.958,0.0,0,0.0,0,0,0,0,0,0,0,0,0,0,0,0,0.0,0.0,0.0,0.0,0.0,0.0
r_n170_p0.75_nA34_nB17_i4,byp_r100,0,170,10756,34,17,-1,-1,FEASIBLE,357.485,1,1,9.20513,12.0,0.232906,0.0,0,0,0,0,0,0.0,1,1,0,0,9.20513,12.0,48.2851,0.0,10653,0,10600,0,0,53,1586,0,1534,0,0,52,309.09,0.0,1.7774,0.0,0.0,307.313,0.0,0,0.0,0,0,0,0,0,0,0,0,0,0,0,0,0.0,0.0,0.0,0.0,0.0,0.0
r_n150_p0.5_nA30_nB30_i2,byp_r100,0,150,5522,30,30,-1,-1,FEASIBLE,900.0,1,0,-1.79769e+308,6.0,1.79769e+306,0.0,0,0,0,0,0,0.0,1,1,0,0,3.40436,6.0,66.5673,0.0,7523,0,7500,0,0,23,989,0,966,0,0,23,838.767,0.0,0.994457,0.0,0.0,837.773,0.0,0,0.0,0,0,0,0,0,0,0,0,0,0,0,0,0.0,0.0,0.0,0.0,0.0,0.0
r_n130_p0.25_nA26_nB26_i3,byp_r100,0,130,2070,26,26,-1,-1,FEASIBLE,900.0,1,0,-1.79769e+308,3.0,1.79769e+306,0.0,0,0,0,0,0,0.0,1,1,0,0,1.70437,3.0,22.8325,0.0,11749,0,11700,0,0,49,902,0,853,0,0,49,890.428,0.0,1.1155,0.0,0.0,889.313,0.0,0,0.0,0,0,0,0,0,0,0,0,0,0,0,0,0.0,0.0,0.0,0.0,0.0,0.0
r_n170_p0.75_nA34_nB34_i1,byp_r100,0,170,10786,34,34,-1,-1,FEASIBLE,900.0,1,0,-1.79769e+308,10.0,1.79769e+306,0.0,0,0,0,0,0,0.0,1,1,0,0,6.60194,10.0,135.689,0.0,6236,0,6200,0,0,36,982,0,946,0,0,36,781.22,0.0,1.21722,0.0,0.0,780.003,0.0,0,0.0,0,0,0,0,0,0,0,0,0,0,0,0,0.0,0.0,0.0,0.0,0.0,0.0
r_n150_p0.5_nA15_nB15_i0,byp_r100,0,150,5548,15,15,-1,-1,FEASIBLE,392.955,1,1,1.64516,3.0,0.451613,0.0,0,0,0,0,0,0.0,1,1,0,0,1.64516,3.0,28.4236,0.0,4915,0,4900,0,0,15,471,0,457,0,0,14,364.5,0.0,0.663397,0.0,0.0,363.837,0.0,0,0.0,0,0,0,0,0,0,0,0,0,0,0,0,0.0,0.0,0.0,0.0,0.0,0.0
r_n170_p0.75_nA17_nB34_i0,byp_r100,0,170,10814,17,34,-1,-1,FEASIBLE,900.0,1,0,-1.79769e+308,5.0,1.79769e+306,0.0,0,0,0,0,0,0.0,1,1,0,0,3.02332,5.0,70.1045,0.0,8567,0,8500,0,0,67,535,0,468,0,0,67,838.738,0.0,1.5487,0.0,0.0,837.189,0.0,0,0.0,0,0,0,0,0,0,0,0,0,0,0,0,0.0,0.0,0.0,0.0,0.0,0.0
r_n170_p0.75_nA17_nB17_i1,byp_r100,0,170,10787,17,17,-1,-1,FEASIBLE,181.018,1,1,3.07208,5.0,0.385584,0.0,0,0,0,0,0,0.0,1,1,0,0,3.07208,5.0,63.1538,0.0,3409,0,3400,0,0,9,584,0,576,0,0,8,117.828,0.0,0.577382,0.0,0.0,117.251,0.0,0,0.0,0,0,0,0,0,0,0,0,0,0,0,0,0.0,0.0,0.0,0.0,0.0,0.0
r_n150_p0.5_nA30_nB30_i1,byp_r100,0,150,5562,30,30,-1,-1,FEASIBLE,900.0,1,0,-1.79769e+308,6.0,1.79769e+306,0.0,0,0,0,0,0,0.0,1,1,0,0,3.69661,6.0,67.4477,0.0,6526,0,6500,0,0,26,918,0,892,0,0,26,862.969,0.0,0.8542,0.0,0.0,862.115,0.0,0,0.0,0,0,0,0,0,0,0,0,0,0,0,0,0.0,0.0,0.0,0.0,0.0,0.0
r_n150_p0.5_nA30_nB30_i3,byp_r100,0,150,5675,30,30,-1,-1,FEASIBLE,656.882,1,1,3.57178,6.0,0.404704,0.0,0,0,0,0,0,0.0,1,1,0,0,3.57178,6.0,67.3078,0.0,6725,0,6700,0,0,25,998,0,974,0,0,24,589.492,0.0,0.91912,0.0,0.0,588.573,0.0,0,0.0,0,0,0,0,0,0,0,0,0,0,0,0,0.0,0.0,0.0,0.0,0.0,0.0
r_n150_p0.5_nA30_nB15_i0,byp_r100,0,150,5548,30,15,-1,-1,FEASIBLE,653.36,1,1,3.85644,6.0,0.357261,0.0,0,0,0,0,0,0.0,1,1,0,0,3.85644,6.0,54.7413,0.0,10440,0,10400,0,0,40,1443,0,1404,0,0,39,598.505,0.0,1.4267,0.0,0.0,597.079,0.0,0,0.0,0,0,0,0,0,0,0,0,0,0,0,0,0.0,0.0,0.0,0.0,0.0,0.0
r_n130_p0.25_nA26_nB13_i0,byp_r100,0,130,2038,26,13,-1,-1,FEASIBLE,900.0,1,0,-1.79769e+308,3.0,1.79769e+306,0.0,0,0,0,0,0,0.0,1,1,0,0,1.76282,3.0,19.4883,0.0,14360,0,14300,0,0,60,920,0,860,0,0,60,892.409,0.0,1.33366,0.0,0.0,891.076,0.0,0,0.0,0,0,0,0,0,0,0,0,0,0,0,0,0.0,0.0,0.0,0.0,0.0,0.0
r_n150_p0.5_nA30_nB15_i2,byp_r100,0,150,5525,30,15,-1,-1,FEASIBLE,900.0,1,0,-1.79769e+308,6.0,1.79769e+306,0.0,0,0,0,0,0,0.0,1,1,0,0,3.82176,6.0,53.1658,0.0,9942,0,9900,0,0,42,1387,0,1345,0,0,42,849.689,0.0,1.31919,0.0,0.0,848.37,0.0,0,0.0,0,0,0,0,0,0,0,0,0,0,0,0,0.0,0.0,0.0,0.0,0.0,0.0
r_n170_p0.75_nA34_nB34_i3,byp_r100,0,170,10760,34,34,-1,-1,FEASIBLE,559.181,1,1,6.47379,10.0,0.352621,0.0,0,0,0,0,0,0.0,1,1,0,0,6.47379,10.0,136.831,0.0,6625,0,6600,0,0,25,1004,0,980,0,0,24,422.263,0.0,1.18078,0.0,0.0,421.082,0.0,0,0.0,0,0,0,0,0,0,0,0,0,0,0,0,0.0,0.0,0.0,0.0,0.0,0.0
r_n130_p0.25_nA26_nB26_i1,byp_r100,0,130,2071,26,26,-1,-1,FEASIBLE,623.615,1,1,1.74146,3.0,0.419513,0.0,0,0,0,0,0,0.0,1,1,0,0,1.74146,3.0,22.3812,0.0,8738,0,8700,0,0,38,816,0,779,0,0,37,601.15,0.0,0.852388,0.0,0.0,600.298,0.0,0,0.0,0,0,0,0,0,0,0,0,0,0,0,0,0.0,0.0,0.0,0.0,0.0,0.0
r_n170_p0.75_nA34_nB17_i1,byp_r100,0,170,10786,34,17,-1,-1,FEASIBLE,900.0,1,0,-1.79769e+308,12.0,1.79769e+306,0.0,0,0,0,0,0,0.0,1,1,0,0,9.60281,12.0,51.3028,0.0,11979,0,11900,0,0,79,1405,0,1326,0,0,79,857.855,0.0,2.00128,0.0,0.0,855.854,0.0,0,0.0,0,0,0,0,0,0,0,0,0,0,0,0,0.0,0.0,0.0,0.0,0.0,0.0
r_n170_p0.75_nA17_nB34_i2,byp_r100,0,170,10800,17,34,-1,-1,FEASIBLE,162.047,1,1,3.05466,5.0,0.389069,0.0,0,0,0,0,0,0.0,1,1,0,0,3.05466,5.0,73.6405,0.0,1606,0,1600,0,0,6,436,0,431,0,0,5,88.3814,0.0,0.275195,0.0,0.0,88.1062,0.0,0,0.0,0,0,0,0,0,0,0,0,0,0,0,0,0.0,0.0,0.0,0.0,0.0,0.0
r_n150_p0.5_nA15_nB15_i3,byp_r100,0,150,5673,15,15,-1,-1,FEASIBLE,170.027,1,1,1.69616,3.0,0.434612,0.0,0,0,0,0,0,0.0,1,1,0,0,1.69616,3.0,29.3658,0.0,3813,0,3800,0,0,13,477,0,465,0,0,12,140.634,0.0,0.508463,0.0,0.0,140.125,0.0,0,0.0,0,0,0,0,0,0,0,0,0,0,0,0,0.0,0.0,0.0,0.0,0.0,0.0
r_n170_p0.75_nA34_nB34_i0,byp_r100,0,170,10814,34,34,-1,-1,FEASIBLE,684.751,1,1,6.60748,10.0,0.339252,0.0,0,0,0,0,0,0.0,1,1,0,0,6.60748,10.0,137.364,0.0,6322,0,6300,0,0,22,1080,0,1059,0,0,21,547.298,0.0,1.08758,0.0,0.0,546.21,0.0,0,0.0,0,0,0,0,0,0,0,0,0,0,0,0,0.0,0.0,0.0,0.0,0.0,0.0
r_n170_p0.75_nA34_nB17_i3,byp_r100,0,170,10775,34,17,-1,-1,FEASIBLE,423.214,1,1,8.65912,11.0,0.212807,0.0,0,0,0,0,0,0.0,1,1,0,0,8.65912,11.0,62.2154,0.0,7939,0,7900,0,0,39,1438,0,1400,0,0,38,360.914,0.0,1.37532,0.0,0.0,359.538,0.0,0,0.0,0,0,0,0,0,0,0,0,0,0,0,0,0.0,0.0,0.0,0.0,0.0,0.0
r_n170_p0.75_nA17_nB17_i3,byp_r100,0,170,10751,17,17,-1,-1,FEASIBLE,282.904,1,1,3.15887,5.0,0.368226,0.0,0,0,0,0,0,0.0,1,1,0,0,3.15887,5.0,59.0459,0.0,3615,0,3600,0,0,15,611,0,597,0,0,14,223.822,0.0,0.611602,0.0,0.0,223.211,0.0,0,0.0,0,0,0,0,0,0,0,0,0,0,0,0,0.0,0.0,0.0,0.0,0.0,0.0
r_n150_p0.5_nA15_nB30_i0,byp_r100,0,150,5548,15,30,-1,-1,OPTIMAL,166.05,1,0,2.0,2.0,0.0,0.0,0,0,0,0,0,0.0,1,1,0,0,1.64356,2.0,31.1634,0.0,3009,0,3000,0,0,9,432,0,424,0,0,8,134.865,0.0,0.405574,0.0,0.0,134.459,0.0,0,0.0,0,0,0,0,0,0,0,0,0,0,0,0,0.0,0.0,0.0,0.0,0.0,0.0
r_n150_p0.5_nA15_nB15_i2,byp_r100,0,150,5568,15,15,-1,-1,OPTIMAL,501.33,1,0,2.0,2.0,0.0,0.0,0,0,0,0,0,0.0,1,1,0,0,1.70119,2.0,28.2309,0.0,4518,0,4500,0,0,18,518,0,501,0,0,17,473.069,0.0,0.605458,0.0,0.0,472.463,0.0,0,0.0,0,0,0,0,0,0,0,0,0,0,0,0,0.0,0.0,0.0,0.0,0.0,0.0
r_n150_p0.5_nA30_nB15_i3,byp_r100,0,150,5675,30,15,-1,-1,FEASIBLE,900.0,1,0,-1.79769e+308,6.0,1.79769e+306,0.0,0,0,0,0,0,0.0,1,1,0,0,4.05992,6.0,55.7298,0.0,7638,0,7600,0,0,38,1078,0,1040,0,0,38,876.519,0.0,1.04397,0.0,0.0,875.475,0.0,0,0.0,0,0,0,0,0,0,0,0,0,0,0,0,0.0,0.0,0.0,0.0,0.0,0.0
r_n170_p0.75_nA34_nB34_i4,byp_r100,0,170,10757,34,34,-1,-1,FEASIBLE,900.0,1,0,-1.79769e+308,10.0,1.79769e+306,0.0,0,0,0,0,0,0.0,1,1,0,0,6.49706,10.0,137.019,0.0,7840,0,7800,0,0,40,1237,0,1197,0,0,40,766.891,0.0,1.25945,0.0,0.0,765.632,0.0,0,0.0,0,0,0,0,0,0,0,0,0,0,0,0,0.0,0.0,0.0,0.0,0.0,0.0
r_n130_p0.25_nA26_nB13_i1,byp_r1000,0,130,2181,26,13,-1,-1,FEASIBLE,900.0,1,0,-1.79769e+308,3.0,1.79769e+306,0.0,0,0,0,0,0,0.0,1,1,0,0,1.89831,3.0,20.7567,0.0,178152,0,178000,0,0,152,4324,0,4172,0,0,152,879.609,0.0,15.1985,0.0,0.0,864.41,0.0,0,0.0,0,0,0,0,0,0,0,0,0,0,0,0,0.0,0.0,0.0,0.0,0.0,0.0
r_n170_p0.75_nA34_nB17_i2,byp_r1000,0,170,10813,34,17,-1,-1,FEASIBLE,362.49,1,1,9.50221,11.0,0.136163,0.0,0,0,0,0,0,0.0,1,1,0,0,9.50221,11.0,43.3629,0.0,112065,0,112000,0,0,65,11019,0,10955,0,0,64,318.735,0.0,17.0363,0.0,0.0,301.699,0.0,0,0.0,0,0,0,0,0,0,0,0,0,0,0,0,0.0,0.0,0.0,0.0,0.0,0.0
r_n170_p0.75_nA34_nB17_i0,byp_r1000,0,170,10814,34,17,-1,-1,FEASIBLE,900.0,1,0,-1.79769e+308,11.0,1.79769e+306,0.0,0,0,0,0,0,0.0,1,1,0,0,8.65907,11.0,48.5798,0.0,92060,0,92000,0,0,60,8912,0,8852,0,0,60,868.766,0.0,14.6791,0.0,0.0,854.087,0.0,0,0.0,0,0,0,0,0,0,0,0,0,0,0,0,0.0,0.0,0.0,0.0,0.0,0.0
r_n170_p0.75_nA17_nB34_i4,byp_r1000,0,170,10756,17,34,-1,-1,OPTIMAL,104.266,1,0,3.0,3.0,0.0,0.0,0,0,0,1,0,0.0,2,1,1,0,3.0,5.0,69.386,0.0,10003,0,10000,0,0,3,2857,0,2855,0,0,2,34.8486,0.0,1.67334,0.0,0.0,33.1752,0.0,0,0.0,0,0,0,0,0,0,0,0,0,0,0,0,0.0,0.0,0.0,0.0,0.0,0.0
r_n150_p0.5_nA15_nB30_i4,byp_r1000,0,150,5679,15,30,-1,-1,FEASIBLE,69.2038,1,1,1.7037,3.0,0.432099,0.0,0,0,0,0,0,0.0,1,1,0,0,1.7037,3.0,33.3175,0.0,10002,0,10000,0,0,2,2451,0,2450,0,0,1,35.8628,0.0,1.39548,0.0,0.0,34.4673,0.0,0,0.0,0,0,0,0,0,0,0,0,0,0,0,0,0.0,0.0,0.0,0.0,0.0,0.0
r_n130_p0.25_nA26_nB26_i0,byp_r1000,0,130,2038,26,26,-1,-1,FEASIBLE,900.0,1,0,-1.79769e+308,3.0,1.79769e+306,0.0,0,0,0,0,0,0.0,1,1,0,0,1.69353,3.0,22.4176,0.0,96053,0,96000,0,0,53,3786,0,3733,0,0,53,895.887,0.0,9.21159,0.0,0.0,886.675,0.0,0,0.0,0,0,0,0,0,0,0,0,0,0,0,0,0.0,0.0,0.0,0.0,0.0,0.0
r_n150_p0.5_nA30_nB30_i0,byp_r1000,0,150,5548,30,30,-1,-1,FEASIBLE,783.209,1,1,3.50245,6.0,0.416259,0.0,0,0,0,0,0,0.0,1,1,0,0,3.50245,6.0,66.3643,0.0,51021,0,51000,0,0,21,5595,0,5575,0,0,20,716.663,0.0,6.72415,0.0,0.0,709.939,0.0,0,0.0,0,0,0,0,0,0,0,0,0,0,0,0,0.0,0.0,0.0,0.0,0.0,0.0
r_n130_p0.25_nA26_nB13_i3,byp_r1000,0,130,2074,26,13,-1,-1,FEASIBLE,900.0,1,0,-1.79769e+308,3.0,1.79769e+306,0.0,0,0,0,0,0,0.0,1,1,0,0,1.79095,3.0,19.9393,0.0,92044,0,92000,0,0,44,5150,0,5106,0,0,44,897.483,0.0,8.38564,0.0,0.0,889.098,0.0,0,0.0,0,0,0,0,0,0,0,0,0,0,0,0,0.0,0.0,0.0,0.0,0.0,0.0
r_n130_p0.25_nA26_nB26_i2,byp_r1000,0,130,2100,26,26,-1,-1,FEASIBLE,542.279,1,1,1.78777,3.0,0.404076,0.0,0,0,0,0,0,0.0,1,1,0,0,1.78777,3.0,23.3867,0.0,77032,0,77000,0,0,32,4207,0,4176,0,0,31,518.642,0.0,7.10459,0.0,0.0,511.538,0.0,0,0.0,0,0,0,0,0,0,0,0,0,0,0,0,0.0,0.0,0.0,0.0,0.0,0.0
r_n150_p0.5_nA15_nB15_i4,byp_r1000,0,150,5682,15,15,-1,-1,FEASIBLE,265.078,1,1,1.72692,3.0,0.42436,0.0,0,0,0,0,0,0.0,1,1,0,0,1.72692,3.0,29.6332,0.0,25010,0,25000,0,0,10,2206,0,2197,0,0,9,235.402,0.0,3.30563,0.0,0.0,232.096,0.0,0,0.0,0,0,0,0,0,0,0,0,0,0,0,0,0.0,0.0,0.0,0.0,0.0,0.0
r_n130_p0.25_nA26_nB13_i2,byp_r1000,0,130,2097,26,13,-1,-1,FEASIBLE,866.039,1,1,1.82033,3.0,0.393222,0.0,0,0,0,0,0,0.0,1,1,0,0,1.82033,3.0,20.3653,0.0,98043,0,98000,0,0,43,4957,0,4915,0,0,42,845.364,0.0,8.85314,0.0,0.0,836.511,0.0,0,0.0,0,0,0,0,0,0,0,0,0,0,0,0,0.0,0.0,0.0,0.0,0.0,0.0
r_n150_p0.5_nA30_nB15_i1,byp_r1000,0,150,5541,30,15,-1,-1,FEASIBLE,389.113,1,1,4.27373,7.0,0.389467,0.0,0,0,0,0,0,0.0,1,1,0,0,4.27373,7.0,46.2174,0.0,71032,0,71000,0,0,32,6365,0,6334,0,0,31,342.681,0.0,8.56464,0.0,0.0,334.117,0.0,0,0.0,0,0,0,0,0,0,0,0,0,0,0,0,0.0,0.0,0.0,0.0,0.0,0.0
r_n170_p0.75_nA17_nB34_i3,byp_r1000,0,170,10775,17,34,-1,-1,FEASIBLE,85.0179,1,1,3.1,5.0,0.38,0.0,0,0,0,0,0,0.0,1,1,0,0,3.1,5.0,69.9842,0.0,6001,0,6000,0,0,1,3022,0,3022,0,0,0,15.008,0.0,1.02466,0.0,0.0,13.9834,0.0,0,0.0,0,0,0,0,0,0,0,0,0,0,0,0,0.0,0.0,0.0,0.0,0.0,0.0
r_n170_p0.75_nA17_nB17_i0,byp_r1000,0,170,10814,17,17,-1,-1,FEASIBLE,140.516,1,1,3.13766,5.0,0.372468,0.0,0,0,0,0,0,0.0,1,1,0,0,3.13766,5.0,58.6327,0.0,13005,0,13000,0,0,5,3655,0,3651,0,0,4,81.8456,0.0,2.14948,0.0,0.0,79.6962,0.0,0,0.0,0,0,0,0,0,0,0,0,0,0,0,0,0.0,0.0,0.0,0.0,0.0,0.0
r_n130_p0.25_nA26_nB13_i4,byp_r1000,0,130,2115,26,13,-1,-1,FEASIBLE,715.092,1,1,1.83232,3.0,0.389227,0.0,0,0,0,0,0,0.0,1,1,0,0,1.83232,3.0,20.9252,0.0,84041,0,84000,0,0,41,5259,0,5219,0,0,40,693.89,0.0,7.86844,0.0,0.0,686.022,0.0,0,0.0,0,0,0,0,0,0,0,0,0,0,0,0,0.0,0.0,0.0,0.0,0.0,0.0
r_n150_p0.5_nA30_nB15_i4,byp_r1000,0,150,5636,30,15,-1,-1,FEASIBLE,784.197,1,1,4.00961,6.0,0.331732,0.0,0,0,0,0,0,0.0,1,1,0,0,4.00961,6.0,53.8693,0.0,55029,0,55000,0,0,29,7556,0,7528,0,0,28,730.121,0.0,7.67555,0.0,0.0,722.445,0.0,0,0.0,0,0,0,0,0,0,0,0,0,0,0,0,0.0,0.0,0.0,0.0,0.0,0.0
r_n150_p0.5_nA15_nB30_i3,byp_r1000,0,150,5618,15,30,-1,-1,OPTIMAL,90.9901,1,0,2.0,2.0,0.0,0.0,0,0,0,0,0,0.0,1,1,0,0,1.6478,2.0,32.4987,0.0,16007,0,16000,0,0,7,2216,0,2210,0,0,6,58.4613,0.0,2.13923,0.0,0.0,56.322,0.0,0,0.0,0,0,0,0,0,0,0,0,0,0,0,0,0.0,0.0,0.0,0.0,0.0,0.0
r_n170_p0.75_nA17_nB17_i2,byp_r1000,0,170,10804,17,17,-1,-1,FEASIBLE,135.562,1,1,3.01137,5.0,0.397726,0.0,0,0,0,0,0,0.0,1,1,0,0,3.01137,5.0,58.5219,0.0,17005,0,17000,0,0,5,3536,0,3532,0,0,4,76.9971,0.0,2.73179,0.0,0.0,74.2654,0.0,0,0.0,0,0,0,0,0,0,0,0,0,0,0,0,0.0,0.0,0.0,0.0,0.0,0.0
r_n170_p0.75_nA17_nB34_i1,byp_r1000,0,170,10781,17,34,-1,-1,FEASIBLE,188.662,1,1,3.06,5.0,0.388,0.0,0,0,0,0,0,0.0,1,1,0,0,3.06,5.0,71.2847,0.0,25009,0,25000,0,0,9,3171,0,3163,0,0,8,117.329,0.0,4.26257,0.0,0.0,113.066,0.0,0,0.0,0,0,0,0,0,0,0,0,0,0,0,0,0.0,0.0,0.0,0.0,0.0,0.0
r_n150_p0.5_nA15_nB15_i1,byp_r1000,0,150,5542,15,15,-1,-1,FEASIBLE,175.412,1,1,1.68654,3.0,0.43782,0.0,0,0,0,0,0,0.0,1,1,0,0,1.68654,3.0,28.6049,0.0,25009,0,25000,0,0,9,2307,0,2299,0,0,8,146.771,0.0,3.03794,0.0,0.0,143.733,0.0,0,0.0,0,0,0,0,0,0,0,0,0,0,0,0,0.0,0.0,0.0,0.0,0.0,0.0
r_n150_p0.5_nA15_nB30_i2,byp_r1000,0,150,5529,15,30,-1,-1,OPTIMAL,149.173,1,0,2.0,2.0,0.0,0.0,0,0,0,0,0,0.0,1,1,0,0,1.66667,2.0,31.9118,0.0,11004,0,11000,0,0,4,1733,0,1730,0,0,3,117.238,0.0,1.48014,0.0,0.0,115.758,0.0,0,0.0,0,0,0,0,0,0,0,0,0,0,0,0,0.0,0.0,0.0,0.0,0.0,0.0
r_n170_p0.75_nA17_nB17_i4,byp_r1000,0,170,10685,17,17,-1,-1,FEASIBLE,91.1192,1,1,2.99756,5.0,0.400488,0.0,0,0,0,0,0,0.0,1,1,0,0,2.99756,5.0,59.3832,0.0,13002,0,13000,0,0,2,3269,0,3268,0,0,1,31.6985,0.0,2.20849,0.0,0.0,29.49,0.0,0,0.0,0,0,0,0,0,0,0,0,0,0,0,0,0.0,0.0,0.0,0.0,0.0,0.0
r_n150_p0.5_nA30_nB30_i4,byp_r1000,0,150,5637,30,30,-1,-1,FEASIBLE,575.579,1,1,3.55857,6.0,0.406904,0.0,0,0,0,0,0,0.0,1,1,0,0,3.55857,6.0,65.4978,0.0,53016,0,53000,0,0,16,6453,0,6438,0,0,15,509.876,0.0,7.2401,0.0,0.0,502.636,0.0,0,0.0,0,0,0,0,0,0,0,0,0,0,0,0,0.0,0.0,0.0,0.0,0.0,0.0
r_n170_p0.75_nA34_nB34_i2,byp_r1000,0,170,10798,34,34,-1,-1,FEASIBLE,512.666,1,1,6.78895,9.0,0.245673,0.0,0,0,0,0,0,0.0,1,1,0,0,6.78895,9.0,132.156,0.0,37017,0,37000,0,0,17,7159,0,7143,0,0,16,380.373,0.0,6.01073,0.0,0.0,374.362,0.0,0,0.0,0,0,0,0,0,0,0,0,0,0,0,0,0.0,0.0,0.0,0.0,0.0,0.0
r_n150_p0.5_nA15_nB30_i1,byp_r1000,0,150,5541,15,30,-1,-1,OPTIMAL,154.635,1,0,2.0,2.0,0.0,0.0,0,0,0,0,0,0.0,1,1,0,0,1.69245,2.0,33.3348,0.0,23007,0,23000,0,0,7,2269,0,2263,0,0,6,121.262,0.0,3.1117,0.0,0.0,118.15,0.0,0,0.0,0,0,0,0,0,0,0,0,0,0,0,0,0.0,0.0,0.0,0.0,0.0,0.0
r_n130_p0.25_nA26_nB26_i4,byp_r1000,0,130,2121,26,26,-1,-1,FEASIBLE,308.041,1,1,1.81311,3.0,0.395629,0.0,0,0,0,0,0,0.0,1,1,0,0,1.81311,3.0,22.7735,0.0,55033,0,55000,0,0,33,4911,0,4879,0,0,32,285.07,0.0,5.13592,0.0,0.0,279.934,0.0,0,0.0,0,0,0,0,0,0,0,0,0,0,0,0,0.0,0.0,0.0,0.0,0.0,0.0
r_n170_p0.75_nA34_nB17_i4,byp_r1000,0,170,10756,34,17,-1,-1,FEASIBLE,349.878,1,1,9.20513,12.0,0.232906,0.0,0,0,0,0,0,0.0,1,1,0,0,9.20513,12.0,48.2259,0.0,98049,0,98000,0,0,49,10221,0,10173,0,0,48,301.291,0.0,15.8388,0.0,0.0,285.452,0.0,0,0.0,0,0,0,0,0,0,0,0,0,0,0,0,0.0,0.0,0.0,0.0,0.0,0.0
r_n150_p0.5_nA30_nB30_i2,byp_r1000,0,150,5522,30,30,-1,-1,FEASIBLE,900.0,1,0,-1.79769e+308,6.0,1.79769e+306,0.0,0,0,0,0,0,0.0,1,1,0,0,3.40342,6.0,66.5435,0.0,43022,0,43000,0,0,22,4956,0,4934,0,0,22,842.004,0.0,5.56077,0.0,0.0,836.443,0.0,0,0.0,0,0,0,0,0,0,0,0,0,0,0,0,0.0,0.0,0.0,0.0,0.0,0.0
r_n130_p0.25_nA26_nB26_i3,byp_r1000,0,130,2070,26,26,-1,-1,FEASIBLE,900.0,1,0,-1.79769e+308,3.0,1.79769e+306,0.0,0,0,0,0,0,0.0,1,1,0,0,1.70437,3.0,22.8498,0.0,87046,0,87000,0,0,46,3349,0,3303,0,0,46,877.071,0.0,8.0706,0.0,0.0,869.0,0.0,0,0.0,0,0,0,0,0,0,0,0,0,0,0,0,0.0,0.0,0.0,0.0,0.0,0.0
r_n170_p0.75_nA34_nB34_i1,byp_r1000,0,170,10786,34,34,-1,-1,FEASIBLE,900.0,1,0,-1.79769e+308,10.0,1.79769e+306,0.0,0,0,0,0,0,0.0,1,1,0,0,6.60194,10.0,135.148,0.0,56034,0,56000,0,0,34,7091,0,7057,0,0,34,769.418,0.0,10.4648,0.0,0.0,758.953,0.0,0,0.0,0,0,0,0,0,0,0,0,0,0,0,0,0.0,0.0,0.0,0.0,0.0,0.0
r_n150_p0.5_nA15_nB15_i0,byp_r1000,0,150,5548,15,15,-1,-1,FEASIBLE,341.064,1,1,1.64516,3.0,0.451613,0.0,0,0,0,0,0,0.0,1,1,0,0,1.64516,3.0,28.4395,0.0,20010,0,20000,0,0,10,2156,0,2147,0,0,9,312.591,0.0,2.67994,0.0,0.0,309.911,0.0,0,0.0,0,0,0,0,0,0,0,0,0,0,0,0,0.0,0.0,0.0,0.0,0.0,0.0
r_n170_p0.75_nA17_nB34_i0,byp_r1000,0,170,10814,17,34,-1,-1,FEASIBLE,900.0,1,0,-1.79769e+308,5.0,1.79769e+306,0.0,0,0,0,0,0,0.0,1,1,0,0,3.02332,5.0,70.4399,0.0,72065,0,72000,0,0,65,2689,0,2624,0,0,65,834.572,0.0,12.6664,0.0,0.0,821.905,0.0,0,0.0,0,0,0,0,0,0,0,0,0,0,0,0,0.0,0.0,0.0,0.0,0.0,0.0
r_n170_p0.75_nA17_nB17_i1,byp_r1000,0,170,10787,17,17,-1,-1,FEASIBLE,168.697,1,1,3.07208,5.0,0.385584,0.0,0,0,0,0,0,0.0,1,1,0,0,3.07208,5.0,63.0071,0.0,14008,0,14000,0,0,8,2315,0,2308,0,0,7,105.657,0.0,2.25018,0.0,0.0,103.407,0.0,0,0.0,0,0,0,0,0,0,0,0,0,0,0,0,0.0,0.0,0.0,0.0,0.0,0.0
r_n150_p0.5_nA30_nB30_i1,byp_r1000,0,150,5562,30,30,-1,-1,FEASIBLE,874.859,1,1,3.69525,6.0,0.384125,0.0,0,0,0,0,0,0.0,1,1,0,0,3.69525,6.0,67.1856,0.0,55025,0,55000,0,0,25,5914,0,5890,0,0,24,807.476,0.0,7.01467,0.0,0.0,800.461,0.0,0,0.0,0,0,0,0,0,0,0,0,0,0,0,0,0.0,0.0,0.0,0.0,0.0,0.0
r_n150_p0.5_nA30_nB30_i3,byp_r1000,0,150,5675,30,30,-1,-1,FEASIBLE,650.715,1,1,3.57178,6.0,0.404704,0.0,0,0,0,0,0,0.0,1,1,0,0,3.57178,6.0,67.1257,0.0,52022,0,52000,0,0,22,4257,0,4236,0,0,21,583.44,0.0,6.85551,0.0,0.0,576.585,0.0,0,0.0,0,0,0,0,0,0,0,0,0,0,0,0,0.0,0.0,0.0,0.0,0.0,0.0
r_n150_p0.5_nA30_nB15_i0,byp_r1000,0,150,5548,30,15,-1,-1,FEASIBLE,582.961,1,1,3.85644,6.0,0.357261,0.0,0,0,0,0,0,0.0,1,1,0,0,3.85644,6.0,54.7293,0.0,59025,0,59000,0,0,25,7510,0,7486,0,0,24,528.002,0.0,7.9622,0.0,0.0,520.04,0.0,0,0.0,0,0,0,0,0,0,0,0,0,0,0,0,0.0,0.0,0.0,0.0,0.0,0.0
r_n130_p0.25_nA26_nB13_i0,byp_r1000,0,130,2038,26,13,-1,-1,FEASIBLE,602.593,1,1,1.76282,3.0,0.412392,0.0,0,0,0,0,0,0.0,1,1,0,0,1.76282,3.0,19.7994,0.0,81038,0,81000,0,0,38,3808,0,3771,0,0,37,582.57,0.0,7.33673,0.0,0.0,575.233,0.0,0,0.0,0,0,0,0,0,0,0,0,0,0,0,0,0.0,0.0,0.0,0.0,0.0,0.0
r_n150_p0.5_nA30_nB15_i2,byp_r1000,0,150,5525,30,15,-1,-1,FEASIBLE,900.0,1,0,-1.79769e+308,6.0,1.79769e+306,0.0,0,0,0,0,0,0.0,1,1,0,0,3.82211,6.0,53.0296,0.0,81036,0,81000,0,0,36,6910,0,6874,0,0,36,881.867,0.0,10.599,0.0,0.0,871.268,0.0,0,0.0,0,0,0,0,0,0,0,0,0,0,0,0,0.0,0.0,0.0,0.0,0.0,0.0
r_n170_p0.75_nA34_nB34_i3,byp_r1000,0,170,10760,34,34,-1,-1,FEASIBLE,484.483,1,1,6.47379,10.0,0.352621,0.0,0,0,0,0,0,0.0,1,1,0,0,6.47379,10.0,136.509,0.0,41018,0,41000,0,0,18,6596,0,6579,0,0,17,347.834,0.0,7.05047,0.0,0.0,340.784,0.0,0,0.0,0,0,0,0,0,0,0,0,0,0,0,0,0.0,0.0,0.0,0.0,0.0,0.0
r_n130_p0.25_nA26_nB26_i1,byp_r1000,0,130,2071,26,26,-1,-1,FEASIBLE,900.0,1,0,-1.79769e+308,3.0,1.79769e+306,0.0,0,0,0,0,0,0.0,1,1,0,0,1.74146,3.0,22.5472,0.0,85050,0,85000,0,0,50,4561,0,4511,0,0,50,895.278,0.0,8.16832,0.0,0.0,887.11,0.0,0,0.0,0,0,0,0,0,0,0,0,0,0,0,0,0.0,0.0,0.0,0.0,0.0,0.0
r_n170_p0.75_nA34_nB17_i1,byp_r1000,0,170,10786,34,17,-1,-1,FEASIBLE,900.0,1,0,-1.79769e+308,12.0,1.79769e+306,0.0,0,0,0,0,0,0.0,1,1,0,0,9.60281,12.0,51.2647,0.0,115083,0,115000,0,0,83,11532,0,11449,0,0,83,853.385,0.0,17.7064,0.0,0.0,835.678,0.0,0,0.0,0,0,0,0,0,0,0,0,0,0,0,0,0.0,0.0,0.0,0.0,0.0,0.0
r_n170_p0.75_nA17_nB34_i2,byp_r1000,0,170,10800,17,34,-1,-1,FEASIBLE,144.473,1,1,3.05466,5.0,0.389069,0.0,0,0,0,0,0,0.0,1,1,0,0,3.05466,5.0,73.6308,0.0,14005,0,14000,0,0,5,2210,0,2206,0,0,4,70.8115,0.0,2.29666,0.0,0.0,68.5148,0.0,0,0.0,0,0,0,0,0,0,0,0,0,0,0,0,0.0,0.0,0.0,0.0,0.0,0.0
r_n150_p0.5_nA15_nB15_i3,byp_r1000,0,150,5673,15,15,-1,-1,FEASIBLE,224.808,1,1,1.69616,3.0,0.434612,0.0,0,0,0,0,0,0.0,1,1,0,0,1.69616,3.0,29.2529,0.0,29013,0,29000,0,0,13,2537,0,2525,0,0,12,195.507,0.0,3.79505,0.0,0.0,191.712,0.0,0,0.0,0,0,0,0,0,0,0,0,0,0,0,0,0.0,0.0,0.0,0.0,0.0,0.0
r_n170_p0.75_nA34_nB34_i0,byp_r1000,0,170,10814,34,34,-1,-1,FEASIBLE,506.037,1,1,6.60748,10.0,0.339252,0.0,0,0,0,0,0,0.0,1,1,0,0,6.60748,10.0,135.261,0.0,41018,0,41000,0,0,18,5673,0,5656,0,0,17,370.648,0.0,6.41146,0.0,0.0,364.237,0.0,0,0.0,0,0,0,0,0,0,0,0,0,0,0,0,0.0,0.0,0.0,0.0,0.0,0.0
r_n170_p0.75_nA34_nB17_i3,byp_r1000,0,170,10775,34,17,-1,-1,FEASIBLE,606.005,1,1,8.65912,11.0,0.212807,0.0,0,0,0,0,0,0.0,1,1,0,0,8.65912,11.0,61.8898,0.0,65046,0,65000,0,0,46,7263,0,7218,0,0,45,543.935,0.0,11.0677,0.0,0.0,532.867,0.0,0,0.0,0,0,0,0,0,0,0,0,0,0,0,0,0.0,0.0,0.0,0.0,0.0,0.0
r_n170_p0.75_nA17_nB17_i3,byp_r1000,0,170,10751,17,17,-1,-1,FEASIBLE,178.193,1,1,3.15887,5.0,0.368226,0.0,0,0,0,0,0,0.0,1,1,0,0,3.15887,5.0,58.8025,0.0,17007,0,17000,0,0,7,2878,0,2872,0,0,6,119.352,0.0,2.74236,0.0,0.0,116.609,0.0,0,0.0,0,0,0,0,0,0,0,0,0,0,0,0,0.0,0.0,0.0,0.0,0.0,0.0
r_n150_p0.5_nA15_nB30_i0,byp_r1000,0,150,5548,15,30,-1,-1,OPTIMAL,194.26,1,0,2.0,2.0,0.0,0.0,0,0,0,0,0,0.0,1,1,0,0,1.64356,2.0,31.1048,0.0,21008,0,21000,0,0,8,1417,0,1410,0,0,7,163.129,0.0,2.77176,0.0,0.0,160.357,0.0,0,0.0,0,0,0,0,0,0,0,0,0,0,0,0,0.0,0.0,0.0,0.0,0.0,0.0
r_n150_p0.5_nA15_nB15_i2,byp_r1000,0,150,5568,15,15,-1,-1,OPTIMAL,272.138,1,0,2.0,2.0,0.0,0.0,0,0,0,0,0,0.0,1,1,0,0,1.70119,2.0,28.152,0.0,26008,0,26000,0,0,8,2278,0,2271,0,0,7,243.943,0.0,3.49651,0.0,0.0,240.447,0.0,0,0.0,0,0,0,0,0,0,0,0,0,0,0,0,0.0,0.0,0.0,0.0,0.0,0.0
r_n150_p0.5_nA30_nB15_i3,byp_r1000,0,150,5675,30,15,-1,-1,FEASIBLE,829.914,1,1,4.05732,6.0,0.323781,0.0,0,0,0,0,0,0.0,1,1,0,0,4.05732,6.0,55.8126,0.0,80039,0,80000,0,0,39,6932,0,6894,0,0,38,773.84,0.0,10.8457,0.0,0.0,762.994,0.0,0,0.0,0,0,0,0,0,0,0,0,0,0,0,0,0.0,0.0,0.0,0.0,0.0,0.0
r_n170_p0.75_nA34_nB34_i4,byp_r1000,0,170,10757,34,34,-1,-1,FEASIBLE,853.346,1,1,6.49618,10.0,0.350382,0.0,0,0,0,0,0,0.0,1,1,0,0,6.49618,10.0,137.29,0.0,54036,0,54000,0,0,36,6366,0,6331,0,0,35,715.898,0.0,8.22679,0.0,0.0,707.671,0.0,0,0.0,0,0,0,0,0,0,0,0,0,0,0,0,0.0,0.0,0.0,0.0,0.0,0.0
r_n130_p0.25_nA26_nB13_i1,byp_r10,0,130,2181,26,13,-1,-1,FEASIBLE,900.0,1,0,-1.79769e+308,3.0,1.79769e+306,0.0,0,0,0,0,0,0.0,1,1,0,0,1.89831,3.0,20.934,0.0,2941,0,2750,0,0,191,514,0,323,0,0,191,882.159,0.0,0.272052,0.0,0.0,881.887,0.0,0,0.0,0,0,0,0,0,0,0,0,0,0,0,0,0.0,0.0,0.0,0.0,0.0,0.0
r_n170_p0.75_nA34_nB17_i2,byp_r10,0,170,10813,34,17,-1,-1,FEASIBLE,900.0,1,0,-1.79769e+308,11.0,1.79769e+306,0.0,0,0,0,0,0,0.0,1,1,0,0,9.50221,11.0,43.5096,0.0,2335,0,2210,0,0,125,541,0,416,0,0,125,869.363,0.0,0.483696,0.0,0.0,868.879,0.0,0,0.0,0,0,0,0,0,0,0,0,0,0,0,0,0.0,0.0,0.0,0.0,0.0,0.0
r_n170_p0.75_nA34_nB17_i0,byp_r10,0,170,10814,34,17,-1,-1,FEASIBLE,495.753,1,1,8.65907,11.0,0.212812,0.0,0,0,0,0,0,0.0,1,1,0,0,8.65907,11.0,48.6816,0.0,1437,0,1390,0,0,47,490,0,444,0,0,46,446.977,0.0,0.276094,0.0,0.0,446.701,0.0,0,0.0,0,0,0,0,0,0,0,0,0,0,0,0,0.0,0.0,0.0,0.0,0.0,0.0
r_n170_p0.75_nA17_nB34_i4,byp_r10,0,170,10756,17,34,-1,-1,OPTIMAL,168.135,1,0,3.0,3.0,0.0,0.0,0,0,0,1,0,0.0,2,1,1,0,3.0,5.0,69.2758,0.0,422,0,410,0,0,12,165,0,154,0,0,11,98.8283,0.0,0.0828868,0.0,0.0,98.7454,0.0,0,0.0,0,0,0,0,0,0,0,0,0,0,0,0,0.0,0.0,0.0,0.0,0.0,0.0
r_n150_p0.5_nA15_nB30_i4,byp_r10,0,150,5679,15,30,-1,-1,FEASIBLE,187.909,1,1,1.7037,3.0,0.432099,0.0,0,0,0,0,0,0.0,1,1,0,0,1.7037,3.0,33.328,0.0,656,0,640,0,0,16,174,0,159,0,0,15,154.554,0.0,0.0942862,0.0,0.0,154.46,0.0,0,0.0,0,0,0,0,0,0,0,0,0,0,0,0,0.0,0.0,0.0,0.0,0.0,0.0
r_n130_p0.25_nA26_nB26_i0,byp_r10,0,130,2038,26,26,-1,-1,FEASIBLE,801.268,1,1,1.69353,3.0,0.435492,0.0,0,0,0,0,0,0.0,1,1,0,0,1.69353,3.0,22.3896,0.0,1918,0,1850,0,0,68,477,0,410,0,0,67,778.776,0.0,0.196735,0.0,0.0,778.579,0.0,0,0.0,0,0,0,0,0,0,0,0,0,0,0,0,0.0,0.0,0.0,0.0,0.0,0.0
r_n150_p0.5_nA30_nB30_i0,byp_r10,0,150,5548,30,30,-1,-1,FEASIBLE,900.0,1,0,-1.79769e+308,6.0,1.79769e+306,0.0,0,0,0,0,0,0.0,1,1,0,0,3.50275,6.0,66.7188,0.0,1382,0,1340,0,0,42,419,0,377,0,0,42,860.471,0.0,0.207789,0.0,0.0,860.264,0.0,0,0.0,0,0,0,0,0,0,0,0,0,0,0,0,0.0,0.0,0.0,0.0,0.0,0.0
r_n130_p0.25_nA26_nB13_i3,byp_r10,0,130,2074,26,13,-1,-1,FEASIBLE,900.0,1,0,-1.79769e+308,3.0,1.79769e+306,0.0,0,0,0,0,0,0.0,1,1,0,0,1.7925,3.0,19.9589,0.0,1941,0,1870,0,0,71,491,0,420,0,0,71,894.118,0.0,0.191319,0.0,0.0,893.927,0.0,0,0.0,0,0,0,0,0,0,0,0,0,0,0,0,0.0,0.0,0.0,0.0,0.0,0.0
r_n130_p0.25_nA26_nB26_i2,byp_r10,0,130,2100,26,26,-1,-1,FEASIBLE,900.0,1,0,-1.79769e+308,3.0,1.79769e+306,0.0,0,0,0,0,0,0.0,1,1,0,0,1.78777,3.0,23.478,0.0,1884,0,1810,0,0,74,459,0,385,0,0,74,884.347,0.0,0.191456,0.0,0.0,884.156,0.0,0,0.0,0,0,0,0,0,0,0,0,0,0,0,0,0.0,0.0,0.0,0.0,0.0,0.0
r_n150_p0.5_nA15_nB15_i4,byp_r10,0,150,5682,15,15,-1,-1,FEASIBLE,427.927,1,1,1.72692,3.0,0.42436,0.0,0,0,0,0,0,0.0,1,1,0,0,1.72692,3.0,29.777,0.0,738,0,710,0,0,28,181,0,154,0,0,27,398.119,0.0,0.108126,0.0,0.0,398.011,0.0,0,0.0,0,0,0,0,0,0,0,0,0,0,0,0,0.0,0.0,0.0,0.0,0.0,0.0
r_n130_p0.25_nA26_nB13_i2,byp_r10,0,130,2097,26,13,-1,-1,FEASIBLE,900.0,1,0,-1.79769e+308,3.0,1.79769e+306,0.0,0,0,0,0,0,0.0,1,1,0,0,1.82342,3.0,20.4448,0.0,1929,0,1850,0,0,79,442,0,363,0,0,79,893.343,0.0,0.194971,0.0,0.0,893.148,0.0,0,0.0,0,0,0,0,0,0,0,0,0,0,0,0,0.0,0.0,0.0,0.0,0.0,0.0
r_n150_p0.5_nA30_nB15_i1,byp_r10,0,150,5541,30,15,-1,-1,FEASIBLE,546.955,1,1,4.27373,7.0,0.389467,0.0,0,0,0,0,0,0.0,1,1,0,0,4.27373,7.0,46.2771,0.0,1786,0,1720,0,0,66,432,0,367,0,0,65,500.574,0.0,0.253313,0.0,0.0,500.321,0.0,0,0.0,0,0,0,0,0,0,0,0,0,0,0,0,0.0,0.0,0.0,0.0,0.0,0.0
r_n170_p0.75_nA17_nB34_i3,byp_r10,0,170,10775,17,34,-1,-1,FEASIBLE,122.56,1,1,3.1,5.0,0.38,0.0,0,0,0,0,0,0.0,1,1,0,0,3.1,5.0,69.8871,0.0,304,0,300,0,0,4,122,0,119,0,0,3,52.6463,0.0,0.0603048,0.0,0.0,52.586,0.0,0,0.0,0,0,0,0,0,0,0,0,0,0,0,0,0.0,0.0,0.0,0.0,0.0,0.0
r_n170_p0.75_nA17_nB17_i0,byp_r10,0,170,10814,17,17,-1,-1,FEASIBLE,237.803,1,1,3.13766,5.0,0.372468,0.0,0,0,0,0,0,0.0,1,1,0,0,3.13766,5.0,58.8524,0.0,496,0,480,0,0,16,180,0,165,0,0,15,178.917,0.0,0.105872,0.0,0.0,178.811,0.0,0,0.0,0,0,0,0,0,0,0,0,0,0,0,0,0.0,0.0,0.0,0.0,0.0,0.0
r_n130_p0.25_nA26_nB13_i4,byp_r10,0,130,2115,26,13,-1,-1,FEASIBLE,900.0,1,0,-1.79769e+308,3.0,1.79769e+306,0.0,0,0,0,0,0,0.0,1,1,0,0,1.83232,3.0,20.688,0.0,2198,0,2110,0,0,88,518,0,430,0,0,88,890.748,0.0,0.222871,0.0,0.0,890.525,0.0,0,0.0,0,0,0,0,0,0,0,0,0,0,0,0,0.0,0.0,0.0,0.0,0.0,0.0
r_n150_p0.5_nA30_nB15_i4,byp_r10,0,150,5636,30,15,-1,-1,FEASIBLE,900.0,1,0,-1.79769e+308,6.0,1.79769e+306,0.0,0,0,0,0,0,0.0,1,1,0,0,4.01282,6.0,53.9388,0.0,1409,0,1360,0,0,49,453,0,404,0,0,49,852.202,0.0,0.22291,0.0,0.0,851.979,0.0,0,0.0,0,0,0,0,0,0,0,0,0,0,0,0,0.0,0.0,0.0,0.0,0.0,0.0
r_n150_p0.5_nA15_nB30_i3,byp_r10,0,150,5618,15,30,-1,-1,OPTIMAL,153.235,1,0,2.0,2.0,0.0,0.0,0,0,0,0,0,0.0,1,1,0,0,1.6478,2.0,32.5465,0.0,578,0,560,0,0,18,158,0,141,0,0,17,120.663,0.0,0.0854454,0.0,0.0,120.578,0.0,0,0.0,0,0,0,0,0,0,0,0,0,0,0,0,0.0,0.0,0.0,0.0,0.0,0.0
r_n170_p0.75_nA17_nB17_i2,byp_r10,0,170,10804,17,17,-1,-1,FEASIBLE,229.222,1,1,3.01137,5.0,0.397726,0.0,0,0,0,0,0,0.0,1,1,0,0,3.01137,5.0,59.065,0.0,651,0,630,0,0,21,179,0,159,0,0,20,170.119,0.0,0.123873,0.0,0.0,169.995,0.0,0,0.0,0,0,0,0,0,0,0,0,0,0,0,0,0.0,0.0,0.0,0.0,0.0,0.0
r_n170_p0.75_nA17_nB34_i1,byp_r10,0,170,10781,17,34,-1,-1,FEASIBLE,296.21,1,1,3.06,5.0,0.388,0.0,0,0,0,0,0,0.0,1,1,0,0,3.06,5.0,71.4963,0.0,520,0,500,0,0,20,153,0,134,0,0,19,224.682,0.0,0.106175,0.0,0.0,224.575,0.0,0,0.0,0,0,0,0,0,0,0,0,0,0,0,0,0.0,0.0,0.0,0.0,0.0,0.0
r_n150_p0.5_nA15_nB15_i1,byp_r10,0,150,5542,15,15,-1,-1,FEASIBLE,330.831,1,1,1.68654,3.0,0.43782,0.0,0,0,0,0,0,0.0,1,1,0,0,1.68654,3.0,28.629,0.0,787,0,760,0,0,27,220,0,194,0,0,26,302.169,0.0,0.1138,0.0,0.0,302.055,0.0,0,0.0,0,0,0,0,0,0,0,0,0,0,0,0,0.0,0.0,0.0,0.0,0.0,0.0
r_n150_p0.5_nA15_nB30_i2,byp_r10,0,150,5529,15,30,-1,-1,OPTIMAL,371.122,1,0,2.0,2.0,0.0,0.0,0,0,0,0,0,0.0,1,1,0,0,1.66667,2.0,31.8625,0.0,600,0,580,0,0,20,159,0,140,0,0,19,339.234,0.0,0.0897572,0.0,0.0,339.144,0.0,0,0.0,0,0,0,0,0,0,0,0,0,0,0,0,0.0,0.0,0.0,0.0,0.0,0.0
r_n170_p0.75_nA17_nB17_i4,byp_r10,0,170,10685,17,17,-1,-1,FEASIBLE,240.474,1,1,2.99756,5.0,0.400488,0.0,0,0,0,0,0,0.0,1,1,0,0,2.99756,5.0,59.2486,0.0,687,0,670,0,0,17,185,0,169,0,0,16,181.187,0.0,0.136647,0.0,0.0,181.05,0.0,0,0.0,0,0,0,0,0,0,0,0,0,0,0,0,0.0,0.0,0.0,0.0,0.0,0.0
r_n150_p0.5_nA30_nB30_i4,byp_r10,0,150,5637,30,30,-1,-1,FEASIBLE,900.0,1,0,-1.79769e+308,6.0,1.79769e+306,0.0,0,0,0,0,0,0.0,1,1,0,0,3.55928,6.0,65.161,0.0,1413,0,1370,0,0,43,409,0,366,0,0,43,841.037,0.0,0.212124,0.0,0.0,840.825,0.0,0,0.0,0,0,0,0,0,0,0,0,0,0,0,0,0.0,0.0,0.0,0.0,0.0,0.0
r_n170_p0.75_nA34_nB34_i2,byp_r10,0,170,10798,34,34,-1,-1,FEASIBLE,712.983,1,1,6.78895,9.0,0.245673,0.0,0,0,0,0,0,0.0,1,1,0,0,6.78895,9.0,132.353,0.0,1151,0,1120,0,0,31,363,0,333,0,0,30,580.533,0.0,0.220945,0.0,0.0,580.312,0.0,0,0.0,0,0,0,0,0,0,0,0,0,0,0,0,0.0,0.0,0.0,0.0,0.0,0.0
r_n150_p0.5_nA15_nB30_i1,byp_r10,0,150,5541,15,30,-1,-1,OPTIMAL,203.597,1,0,2.0,2.0,0.0,0.0,0,0,0,0,0,0.0,1,1,0,0,1.69245,2.0,33.3007,0.0,517,0,500,0,0,17,163,0,147,0,0,16,170.273,0.0,0.0749215,0.0,0.0,170.198,0.0,0,0.0,0,0,0,0,0,0,0,0,0,0,0,0,0.0,0.0,0.0,0.0,0.0,0.0
r_n130_p0.25_nA26_nB26_i4,byp_r10,0,130,2121,26,26,-1,-1,FEASIBLE,436.857,1,1,1.81311,3.0,0.395629,0.0,0,0,0,0,0,0.0,1,1,0,0,1.81311,3.0,22.5251,0.0,1815,0,1750,0,0,65,475,0,411,0,0,64,414.233,0.0,0.17996,0.0,0.0,414.053,0.0,0,0.0,0,0,0,0,0,0,0,0,0,0,0,0,0.0,0.0,0.0,0.0,0.0,0.0
r_n170_p0.75_nA34_nB17_i4,byp_r10,0,170,10756,34,17,-1,-1,FEASIBLE,451.654,1,1,9.20513,12.0,0.232906,0.0,0,0,0,0,0,0.0,1,1,0,0,9.20513,12.0,48.2695,0.0,1735,0,1660,0,0,75,456,0,382,0,0,74,403.285,0.0,0.376591,0.0,0.0,402.909,0.0,0,0.0,0,0,0,0,0,0,0,0,0,0,0,0,0.0,0.0,0.0,0.0,0.0,0.0
r_n150_p0.5_nA30_nB30_i2,byp_r10,0,150,5522,30,30,-1,-1,FEASIBLE,900.0,1,0,-1.79769e+308,6.0,1.79769e+306,0.0,0,0,0,0,0,0.0,1,1,0,0,3.41309,6.0,66.6073,0.0,1224,0,1190,0,0,34,407,0,373,0,0,34,835.481,0.0,0.176316,0.0,0.0,835.305,0.0,0,0.0,0,0,0,0,0,0,0,0,0,0,0,0,0.0,0.0,0.0,0.0,0.0,0.0
r_n130_p0.25_nA26_nB26_i3,byp_r10,0,130,2070,26,26,-1,-1,FEASIBLE,900.0,1,0,-1.79769e+308,3.0,1.79769e+306,0.0,0,0,0,0,0,0.0,1,1,0,0,1.70463,3.0,22.8021,0.0,1790,0,1720,0,0,70,418,0,348,0,0,70,893.439,0.0,0.181013,0.0,0.0,893.258,0.0,0,0.0,0,0,0,0,0,0,0,0,0,0,0,0,0.0,0.0,0.0,0.0,0.0,0.0
r_n170_p0.75_nA34_nB34_i1,byp_r10,0,170,10786,34,34,-1,-1,FEASIBLE,900.0,1,0,-1.79769e+308,10.0,1.79769e+306,0.0,0,0,0,0,0,0.0,1,1,0,0,6.60194,10.0,135.591,0.0,1232,0,1190,0,0,42,416,0,374,0,0,42,779.379,0.0,0.288876,0.0,0.0,779.09,0.0,0,0.0,0,0,0,0,0,0,0,0,0,0,0,0,0.0,0.0,0.0,0.0,0.0,0.0
r_n150_p0.5_nA15_nB15_i0,byp_r10,0,150,5548,15,15,-1,-1,FEASIBLE,462.144,1,1,1.64516,3.0,0.451613,0.0,0,0,0,0,0,0.0,1,1,0,0,1.64516,3.0,28.4641,0.0,674,0,650,0,0,24,186,0,163,0,0,23,433.65,0.0,0.0989699,0.0,0.0,433.552,0.0,0,0.0,0,0,0,0,0,0,0,0,0,0,0,0,0.0,0.0,0.0,0.0,0.0,0.0
r_n170_p0.75_nA17_nB34_i0,byp_r10,0,170,10814,17,34,-1,-1,FEASIBLE,900.0,1,0,-1.79769e+308,5.0,1.79769e+306,0.0,0,0,0,0,0,0.0,1,1,0,0,3.02332,5.0,70.7599,0.0,1060,0,990,0,0,70,195,0,125,0,0,70,834.408,0.0,0.266571,0.0,0.0,834.141,0.0,0,0.0,0,0,0,0,0,0,0,0,0,0,0,0,0.0,0.0,0.0,0.0,0.0,0.0
r_n170_p0.75_nA17_nB17_i1,byp_r10,0,170,10787,17,17,-1,-1,FEASIBLE,425.192,1,1,3.07208,5.0,0.385584,0.0,0,0,0,0,0,0.0,1,1,0,0,3.07208,5.0,62.4799,0.0,923,0,890,0,0,33,270,0,238,0,0,32,362.663,0.0,0.182252,0.0,0.0,362.481,0.0,0,0.0,0,0,0,0,0,0,0,0,0,0,0,0,0.0,0.0,0.0,0.0,0.0,0.0
r_n150_p0.5_nA30_nB30_i1,byp_r10,0,150,5562,30,30,-1,-1,FEASIBLE,900.0,1,0,-1.79769e+308,6.0,1.79769e+306,0.0,0,0,0,0,0,0.0,1,1,0,0,3.69938,6.0,67.4601,0.0,1303,0,1260,0,0,43,405,0,362,0,0,43,854.753,0.0,0.205508,0.0,0.0,854.548,0.0,0,0.0,0,0,0,0,0,0,0,0,0,0,0,0,0.0,0.0,0.0,0.0,0.0,0.0
r_n150_p0.5_nA30_nB30_i3,byp_r10,0,150,5675,30,30,-1,-1,FEASIBLE,893.972,1,1,3.57178,6.0,0.404704,0.0,0,0,0,0,0,0.0,1,1,0,0,3.57178,6.0,67.1058,0.0,1437,0,1390,0,0,47,463,0,417,0,0,46,826.761,0.0,0.224405,0.0,0.0,826.537,0.0,0,0.0,0,0,0,0,0,0,0,0,0,0,0,0,0.0,0.0,0.0,0.0,0.0,0.0
r_n150_p0.5_nA30_nB15_i0,byp_r10,0,150,5548,30,15,-1,-1,FEASIBLE,900.0,1,0,-1.79769e+308,6.0,1.79769e+306,0.0,0,0,0,0,0,0.0,1,1,0,0,3.85647,6.0,54.5431,0.0,1678,0,1610,0,0,68,427,0,359,0,0,68,846.415,0.0,0.25368,0.0,0.0,846.161,0.0,0,0.0,0,0,0,0,0,0,0,0,0,0,0,0,0.0,0.0,0.0,0.0,0.0,0.0
r_n130_p0.25_nA26_nB13_i0,byp_r10,0,130,2038,26,13,-1,-1,FEASIBLE,900.0,1,0,-1.79769e+308,3.0,1.79769e+306,0.0,0,0,0,0,0,0.0,1,1,0,0,1.76335,3.0,19.5581,0.0,2010,0,1930,0,0,80,450,0,370,0,0,80,885.764,0.0,0.200134,0.0,0.0,885.564,0.0,0,0.0,0,0,0,0,0,0,0,0,0,0,0,0,0.0,0.0,0.0,0.0,0.0,0.0
r_n150_p0.5_nA30_nB15_i2,byp_r10,0,150,5525,30,15,-1,-1,FEASIBLE,900.0,1,0,-1.79769e+308,6.0,1.79769e+306,0.0,0,0,0,0,0,0.0,1,1,0,0,3.82277,6.0,53.1047,0.0,1742,0,1680,0,0,62,494,0,432,0,0,62,883.1,0.0,0.255446,0.0,0.0,882.845,0.0,0,0.0,0,0,0,0,0,0,0,0,0,0,0,0,0.0,0.0,0.0,0.0,0.0,0.0
r_n170_p0.75_nA34_nB34_i3,byp_r10,0,170,10760,34,34,-1,-1,FEASIBLE,742.029,1,1,6.47379,10.0,0.352621,0.0,0,0,0,0,0,0.0,1,1,0,0,6.47379,10.0,136.211,0.0,1302,0,1260,0,0,42,412,0,371,0,0,41,605.706,0.0,0.259229,0.0,0.0,605.447,0.0,0,0.0,0,0,0,0,0,0,0,0,0,0,0,0,0.0,0.0,0.0,0.0,0.0,0.0
r_n130_p0.25_nA26_nB26_i1,byp_r10,0,130,2071,26,26,-1,-1,FEASIBLE,900.0,1,0,-1.79769e+308,3.0,1.79769e+306,0.0,0,0,0,0,0,0.0,1,1,0,0,1.74146,3.0,22.4914,0.0,1918,0,1850,0,0,68,459,0,391,0,0,68,890.161,0.0,0.193372,0.0,0.0,889.968,0.0,0,0.0,0,0,0,0,0,0,0,0,0,0,0,0,0.0,0.0,0.0,0.0,0.0,0.0
r_n170_p0.75_nA34_nB17_i1,byp_r10,0,170,10786,34,17,-1,-1,FEASIBLE,900.0,1,0,-1.79769e+308,12.0,1.79769e+306,0.0,0,0,0,0,0,0.0,1,1,0,0,9.60281,12.0,51.1423,0.0,1929,0,1840,0,0,89,489,0,400,0,0,89,862.297,0.0,0.411138,0.0,0.0,861.886,0.0,0,0.0,0,0,0,0,0,0,0,0,0,0,0,0,0.0,0.0,0.0,0.0,0.0,0.0
r_n170_p0.75_nA17_nB34_i2,byp_r10,0,170,10800,17,34,-1,-1,FEASIBLE,200.149,1,1,3.05466,5.0,0.389069,0.0,0,0,0,0,0,0.0,1,1,0,0,3.05466,5.0,74.1398,0.0,472,0,460,0,0,12,157,0,146,0,0,11,125.979,0.0,0.0964038,0.0,0.0,125.882,0.0,0,0.0,0,0,0,0,0,0,0,0,0,0,0,0,0.0,0.0,0.0,0.0,0.0,0.0
r_n150_p0.5_nA15_nB15_i3,byp_r10,0,150,5673,15,15,-1,-1,FEASIBLE,310.403,1,1,1.69616,3.0,0.434612,0.0,0,0,0,0,0,0.0,1,1,0,0,1.69616,3.0,29.1947,0.0,699,0,670,0,0,29,194,0,166,0,0,28,281.178,0.0,0.0996982,0.0,0.0,281.079,0.0,0,0.0,0,0,0,0,0,0,0,0,0,0,0,0,0.0,0.0,0.0,0.0,0.0,0.0
r_n170_p0.75_nA34_nB34_i0,byp_r10,0,170,10814,34,34,-1,-1,FEASIBLE,897.718,1,1,6.60748,10.0,0.339252,0.0,0,0,0,0,0,0.0,1,1,0,0,6.60748,10.0,136.195,0.0,1372,0,1330,0,0,42,378,0,337,0,0,41,761.405,0.0,0.273864,0.0,0.0,761.131,0.0,0,0.0,0,0,0,0,0,0,0,0,0,0,0,0,0.0,0.0,0.0,0.0,0.0,0.0
r_n170_p0.75_nA34_nB17_i3,byp_r10,0,170,10775,34,17,-1,-1,FEASIBLE,420.845,1,1,8.65912,11.0,0.212807,0.0,0,0,0,0,0,0.0,1,1,0,0,8.65912,11.0,62.2577,0.0,1242,0,1190,0,0,52,410,0,359,0,0,51,358.508,0.0,0.264941,0.0,0.0,358.243,0.0,0,0.0,0,0,0,0,0,0,0,0,0,0,0,0,0.0,0.0,0.0,0.0,0.0,0.0
r_n170_p0.75_nA17_nB17_i3,byp_r10,0,170,10751,17,17,-1,-1,FEASIBLE,281.176,1,1,3.15887,5.0,0.368226,0.0,0,0,0,0,0,0.0,1,1,0,0,3.15887,5.0,58.5382,0.0,667,0,650,0,0,17,214,0,198,0,0,16,222.6,0.0,0.12775,0.0,0.0,222.472,0.0,0,0.0,0,0,0,0,0,0,0,0,0,0,0,0,0.0,0.0,0.0,0.0,0.0,0.0
r_n150_p0.5_nA15_nB30_i0,byp_r10,0,150,5548,15,30,-1,-1,OPTIMAL,343.503,1,0,2.0,2.0,0.0,0.0,0,0,0,0,0,0.0,1,1,0,0,1.64356,2.0,31.3372,0.0,755,0,730,0,0,25,180,0,156,0,0,24,312.136,0.0,0.10843,0.0,0.0,312.028,0.0,0,0.0,0,0,0,0,0,0,0,0,0,0,0,0,0.0,0.0,0.0,0.0,0.0,0.0
r_n150_p0.5_nA15_nB15_i2,byp_r10,0,150,5568,15,15,-1,-1,FEASIBLE,900.0,1,0,-1.79769e+308,2.0,1.79769e+306,0.0,0,0,0,0,0,0.0,1,1,0,0,1.70119,2.0,28.173,0.0,861,0,820,0,0,41,199,0,158,0,0,41,902.076,0.0,0.128731,0.0,0.0,901.948,0.0,0,0.0,0,0,0,0,0,0,0,0,0,0,0,0,0.0,0.0,0.0,0.0,0.0,0.0
r_n150_p0.5_nA30_nB15_i3,byp_r10,0,150,5675,30,15,-1,-1,FEASIBLE,900.0,1,0,-1.79769e+308,6.0,1.79769e+306,0.0,0,0,0,0,0,0.0,1,1,0,0,4.06906,6.0,55.9675,0.0,1616,0,1550,0,0,66,443,0,377,0,0,66,866.283,0.0,0.251299,0.0,0.0,866.032,0.0,0,0.0,0,0,0,0,0,0,0,0,0,0,0,0,0.0,0.0,0.0,0.0,0.0,0.0
r_n170_p0.75_nA34_nB34_i4,byp_r10,0,170,10757,34,34,-1,-1,FEASIBLE,855.036,1,1,6.49618,10.0,0.350382,0.0,0,0,0,0,0,0.0,1,1,0,0,6.49618,10.0,137.769,0.0,1371,0,1320,0,0,51,406,0,356,0,0,50,717.158,0.0,0.265596,0.0,0.0,716.892,0.0,0,0.0,0,0,0,0,0,0,0,0,0,0,0,0,0.0,0.0,0.0,0.0,0.0,0.0
r_n130_p0.25_nA26_nB13_i1,byp_r10000,0,130,2181,26,13,-1,-1,FEASIBLE,900.0,1,0,-1.79769e+308,3.0,1.79769e+306,0.0,0,0,0,0,0,0.0,1,1,0,0,1.89831,3.0,20.8925,0.0,1080087,0,1080000,0,0,87,24853,0,24766,0,0,87,889.565,0.0,91.8967,0.0,0.0,797.668,0.0,0,0.0,0,0,0,0,0,0,0,0,0,0,0,0,0.0,0.0,0.0,0.0,0.0,0.0
r_n170_p0.75_nA34_nB17_i2,byp_r10000,0,170,10813,34,17,-1,-1,FEASIBLE,414.519,1,1,9.50221,11.0,0.136163,0.0,0,0,0,0,0,0.0,1,1,0,0,9.50221,11.0,43.2944,0.0,920056,0,920000,0,0,56,96332,0,96277,0,0,55,367.371,0.0,137.133,0.0,0.0,230.239,0.0,0,0.0,0,0,0,0,0,0,0,0,0,0,0,0,0.0,0.0,0.0,0.0,0.0,0.0
r_n170_p0.75_nA34_nB17_i0,byp_r10000,0,170,10814,34,17,-1,-1,FEASIBLE,587.118,1,1,8.65907,11.0,0.212812,0.0,0,0,0,0,0,0.0,1,1,0,0,8.65907,11.0,48.2368,0.0,730036,0,730000,0,0,36,109174,0,109139,0,0,35,535.248,0.0,120.282,0.0,0.0,414.966,0.0,0,0.0,0,0,0,0,0,0,0,0,0,0,0,0,0.0,0.0,0.0,0.0,0.0,0.0
r_n170_p0.75_nA17_nB34_i4,byp_r10000,0,170,10756,17,34,-1,-1,FEASIBLE,900.0,1,0,-1.79769e+308,5.0,1.79769e+306,0.0,0,0,0,0,0,0.0,1,1,0,0,3.0,5.0,69.9232,0.0,620053,0,620000,0,0,53,29948,0,29895,0,0,53,835.822,0.0,105.456,0.0,0.0,730.367,0.0,0,0.0,0,0,0,0,0,0,0,0,0,0,0,0,0.0,0.0,0.0,0.0,0.0,0.0
r_n150_p0.5_nA15_nB30_i4,byp_r10000,0,150,5679,15,30,-1,-1,FEASIBLE,58.6687,1,1,1.7037,3.0,0.432099,0.0,0,0,0,0,0,0.0,1,1,0,0,1.7037,3.0,33.227,0.0,50002,0,50000,0,0,2,17873,0,17872,0,0,1,25.3509,0.0,7.04891,0.0,0.0,18.302,0.0,0,0.0,0,0,0,0,0,0,0,0,0,0,0,0,0.0,0.0,0.0,0.0,0.0,0.0
r_n130_p0.25_nA26_nB26_i0,byp_r10000,0,130,2038,26,26,-1,-1,FEASIBLE,900.0,1,0,-1.79769e+308,3.0,1.79769e+306,0.0,0,0,0,0,0,0.0,1,1,0,0,1.69353,3.0,22.2978,0.0,840052,0,840000,0,0,52,24837,0,24785,0,0,52,881.009,0.0,77.8269,0.0,0.0,803.182,0.0,0,0.0,0,0,0,0,0,0,0,0,0,0,0,0,0.0,0.0,0.0,0.0,0.0,0.0
r_n150_p0.5_nA30_nB30_i0,byp_r10000,0,150,5548,30,30,-1,-1,FEASIBLE,820.842,1,1,3.50245,6.0,0.416259,0.0,0,0,0,0,0,0.0,1,1,0,0,3.50245,6.0,66.5253,0.0,400023,0,400000,0,0,23,39917,0,39895,0,0,22,752.837,0.0,52.7717,0.0,0.0,700.065,0.0,0,0.0,0,0,0,0,0,0,0,0,0,0,0,0,0.0,0.0,0.0,0.0,0.0,0.0
r_n130_p0.25_nA26_nB13_i3,byp_r10000,0,130,2074,26,13,-1,-1,FEASIBLE,900.0,1,0,-1.79769e+308,3.0,1.79769e+306,0.0,0,0,0,0,0,0.0,1,1,0,0,1.79095,3.0,20.0056,0.0,720039,0,720000,0,0,39,30442,0,30403,0,0,39,891.518,0.0,65.1943,0.0,0.0,826.324,0.0,0,0.0,0,0,0,0,0,0,0,0,0,0,0,0,0.0,0.0,0.0,0.0,0.0,0.0
r_n130_p0.25_nA26_nB26_i2,byp_r10000,0,130,2100,26,26,-1,-1,FEASIBLE,305.272,1,1,1.78777,3.0,0.404076,0.0,0,0,0,0,0,0.0,1,1,0,0,1.78777,3.0,23.2876,0.0,390015,0,390000,0,0,15,25216,0,25202,0,0,14,280.656,0.0,35.8358,0.0,0.0,244.821,0.0,0,0.0,0,0,0,0,0,0,0,0,0,0,0,0,0.0,0.0,0.0,0.0,0.0,0.0
r_n150_p0.5_nA15_nB15_i4,byp_r10000,0,150,5682,15,15,-1,-1,FEASIBLE,900.0,1,0,-1.79769e+308,3.0,1.79769e+306,0.0,0,0,0,0,0,0.0,1,1,0,0,1.72692,3.0,29.6894,0.0,370031,0,370000,0,0,31,20127,0,20096,0,0,31,893.071,0.0,48.2839,0.0,0.0,844.788,0.0,0,0.0,0,0,0,0,0,0,0,0,0,0,0,0,0.0,0.0,0.0,0.0,0.0,0.0
r_n130_p0.25_nA26_nB13_i2,byp_r10000,0,130,2097,26,13,-1,-1,FEASIBLE,900.0,1,0,-1.79769e+308,3.0,1.79769e+306,0.0,0,0,0,0,0,0.0,1,1,0,0,1.82033,3.0,20.3987,0.0,800040,0,800000,0,0,40,23779,0,23739,0,0,40,896.811,0.0,74.0369,0.0,0.0,822.775,0.0,0,0.0,0,0,0,0,0,0,0,0,0,0,0,0,0.0,0.0,0.0,0.0,0.0,0.0
r_n150_p0.5_nA30_nB15_i1,byp_r10000,0,150,5541,30,15,-1,-1,FEASIBLE,499.604,1,1,4.27373,7.0,0.389467,0.0,0,0,0,0,0,0.0,1,1,0,0,4.27373,7.0,46.4844,0.0,780043,0,780000,0,0,43,57212,0,57170,0,0,42,450.523,0.0,93.1954,0.0,0.0,357.328,0.0,0,0.0,0,0,0,0,0,0,0,0,0,0,0,0,0.0,0.0,0.0,0.0,0.0,0.0
r_n170_p0.75_nA17_nB34_i3,byp_r10000,0,170,10775,17,34,-1,-1,FEASIBLE,94.269,1,1,3.1,5.0,0.38,0.0,0,0,0,0,0,0.0,1,1,0,0,3.1,5.0,69.5911,0.0,40001,0,40000,0,0,1,18789,0,18789,0,0,0,24.6182,0.0,6.85115,0.0,0.0,17.767,0.0,0,0.0,0,0,0,0,0,0,0,0,0,0,0,0,0.0,0.0,0.0,0.0,0.0,0.0
r_n170_p0.75_nA17_nB17_i0,byp_r10000,0,170,10814,17,17,-1,-1,FEASIBLE,92.3457,1,1,3.13766,5.0,0.372468,0.0,0,0,0,0,0,0.0,1,1,0,0,3.13766,5.0,58.899,0.0,90001,0,90000,0,0,1,23683,0,23683,0,0,0,33.3155,0.0,14.86,0.0,0.0,18.4555,0.0,0,0.0,0,0,0,0,0,0,0,0,0,0,0,0,0.0,0.0,0.0,0.0,0.0,0.0
r_n130_p0.25_nA26_nB13_i4,byp_r10000,0,130,2115,26,13,-1,-1,FEASIBLE,900.0,1,0,-1.79769e+308,3.0,1.79769e+306,0.0,0,0,0,0,0,0.0,1,1,0,0,1.83232,3.0,20.8761,0.0,790046,0,790000,0,0,46,25035,0,24989,0,0,46,878.352,0.0,74.7757,0.0,0.0,803.577,0.0,0,0.0,0,0,0,0,0,0,0,0,0,0,0,0,0.0,0.0,0.0,0.0,0.0,0.0
r_n150_p0.5_nA30_nB15_i4,byp_r10000,0,150,5636,30,15,-1,-1,FEASIBLE,900.0,1,0,-1.79769e+308,6.0,1.79769e+306,0.0,0,0,0,0,0,0.0,1,1,0,0,4.01338,6.0,53.9077,0.0,680035,0,680000,0,0,35,80327,0,80292,0,0,35,856.869,0.0,93.0769,0.0,0.0,763.792,0.0,0,0.0,0,0,0,0,0,0,0,0,0,0,0,0,0.0,0.0,0.0,0.0,0.0,0.0
r_n150_p0.5_nA15_nB30_i3,byp_r10000,0,150,5618,15,30,-1,-1,OPTIMAL,119.556,1,0,2.0,2.0,0.0,0.0,0,0,0,0,0,0.0,1,1,0,0,1.6478,2.0,32.5415,0.0,130007,0,130000,0,0,7,19856,0,19850,0,0,6,86.845,0.0,17.4959,0.0,0.0,69.3491,0.0,0,0.0,0,0,0,0,0,0,0,0,0,0,0,0,0.0,0.0,0.0,0.0,0.0,0.0
r_n170_p0.75_nA17_nB17_i2,byp_r10000,0,170,10804,17,17,-1,-1,FEASIBLE,149.058,1,1,3.01137,5.0,0.397726,0.0,0,0,0,0,0,0.0,1,1,0,0,3.01137,5.0,59.2121,0.0,150005,0,150000,0,0,5,26504,0,26500,0,0,4,89.638,0.0,24.2908,0.0,0.0,65.3472,0.0,0,0.0,0,0,0,0,0,0,0,0,0,0,0,0,0.0,0.0,0.0,0.0,0.0,0.0
r_n170_p0.75_nA17_nB34_i1,byp_r10000,0,170,10781,17,34,-1,-1,FEASIBLE,241.732,1,1,3.06,5.0,0.388,0.0,0,0,0,0,0,0.0,1,1,0,0,3.06,5.0,71.4907,0.0,170010,0,170000,0,0,10,17555,0,17546,0,0,9,170.082,0.0,30.0558,0.0,0.0,140.026,0.0,0,0.0,0,0,0,0,0,0,0,0,0,0,0,0,0.0,0.0,0.0,0.0,0.0,0.0
r_n150_p0.5_nA15_nB15_i1,byp_r10000,0,150,5542,15,15,-1,-1,FEASIBLE,197.069,1,1,1.68654,3.0,0.43782,0.0,0,0,0,0,0,0.0,1,1,0,0,1.68654,3.0,28.653,0.0,160008,0,160000,0,0,8,21432,0,21425,0,0,7,168.162,0.0,19.6705,0.0,0.0,148.492,0.0,0,0.0,0,0,0,0,0,0,0,0,0,0,0,0,0.0,0.0,0.0,0.0,0.0,0.0
r_n150_p0.5_nA15_nB30_i2,byp_r10000,0,150,5529,15,30,-1,-1,OPTIMAL,46.3644,1,0,2.0,2.0,0.0,0.0,0,0,0,0,0,0.0,1,1,0,0,1.66667,2.0,31.9714,0.0,40001,0,40000,0,0,1,14102,0,14102,0,0,0,14.3292,0.0,5.46856,0.0,0.0,8.86064,0.0,0,0.0,0,0,0,0,0,0,0,0,0,0,0,0,0.0,0.0,0.0,0.0,0.0,0.0
r_n170_p0.75_nA17_nB17_i4,byp_r10000,0,170,10685,17,17,-1,-1,FEASIBLE,145.199,1,1,2.99756,5.0,0.400488,0.0,0,0,0,0,0,0.0,1,1,0,0,2.99756,5.0,58.5669,0.0,150004,0,150000,0,0,4,27850,0,27847,0,0,3,86.4163,0.0,24.6395,0.0,0.0,61.7768,0.0,0,0.0,0,0,0,0,0,0,0,0,0,0,0,0,0.0,0.0,0.0,0.0,0.0,0.0
r_n150_p0.5_nA30_nB30_i4,byp_r10000,0,150,5637,30,30,-1,-1,FEASIBLE,428.663,1,1,3.55857,6.0,0.406904,0.0,0,0,0,0,0,0.0,1,1,0,0,3.55857,6.0,65.4168,0.0,350011,0,350000,0,0,11,36591,0,36581,0,0,10,362.166,0.0,47.5055,0.0,0.0,314.66,0.0,0,0.0,0,0,0,0,0,0,0,0,0,0,0,0,0.0,0.0,0.0,0.0,0.0,0.0
r_n170_p0.75_nA34_nB34_i2,byp_r10000,0,170,10798,34,34,-1,-1,FEASIBLE,433.231,1,1,6.78895,9.0,0.245673,0.0,0,0,0,0,0,0.0,1,1,0,0,6.78895,9.0,132.518,0.0,360013,0,360000,0,0,13,71637,0,71625,0,0,12,299.377,0.0,56.5705,0.0,0.0,242.806,0.0,0,0.0,0,0,0,0,0,0,0,0,0,0,0,0,0.0,0.0,0.0,0.0,0.0,0.0
r_n150_p0.5_nA15_nB30_i1,byp_r10000,0,150,5541,15,30,-1,-1,OPTIMAL,85.4045,1,0,2.0,2.0,0.0,0.0,0,0,0,0,0,0.0,1,1,0,0,1.69245,2.0,33.3261,0.0,90002,0,90000,0,0,2,16777,0,16776,0,0,1,51.9491,0.0,12.35,0.0,0.0,39.5991,0.0,0,0.0,0,0,0,0,0,0,0,0,0,0,0,0,0.0,0.0,0.0,0.0,0.0,0.0
r_n130_p0.25_nA26_nB26_i4,byp_r10000,0,130,2121,26,26,-1,-1,FEASIBLE,370.267,1,1,1.81311,3.0,0.395629,0.0,0,0,0,0,0,0.0,1,1,0,0,1.81311,3.0,22.6312,0.0,560037,0,560000,0,0,37,27577,0,27541,0,0,36,346.054,0.0,50.2988,0.0,0.0,295.755,0.0,0,0.0,0,0,0,0,0,0,0,0,0,0,0,0,0.0,0.0,0.0,0.0,0.0,0.0
r_n170_p0.75_nA34_nB17_i4,byp_r10000,0,170,10756,34,17,-1,-1,FEASIBLE,513.653,1,1,9.20513,11.0,0.16317,0.0,0,0,0,0,0,0.0,1,1,0,0,9.20513,11.0,48.3608,0.0,1050059,0,1050000,0,0,59,95723,0,95665,0,0,58,461.024,0.0,167.238,0.0,0.0,293.786,0.0,0,0.0,0,0,0,0,0,0,0,0,0,0,0,0,0.0,0.0,0.0,0.0,0.0,0.0
r_n150_p0.5_nA30_nB30_i2,byp_r10000,0,150,5522,30,30,-1,-1,FEASIBLE,900.0,1,0,-1.79769e+308,6.0,1.79769e+306,0.0,0,0,0,0,0,0.0,1,1,0,0,3.4034,6.0,66.4789,0.0,420020,0,420000,0,0,20,45339,0,45319,0,0,20,838.482,0.0,54.8093,0.0,0.0,783.672,0.0,0,0.0,0,0,0,0,0,0,0,0,0,0,0,0,0.0,0.0,0.0,0.0,0.0,0.0
r_n130_p0.25_nA26_nB26_i3,byp_r10000,0,130,2070,26,26,-1,-1,FEASIBLE,364.798,1,1,1.70437,3.0,0.431875,0.0,0,0,0,0,0,0.0,1,1,0,0,1.70437,3.0,22.6467,0.0,310017,0,310000,0,0,17,22688,0,22672,0,0,16,341.264,0.0,28.8288,0.0,0.0,312.436,0.0,0,0.0,0,0,0,0,0,0,0,0,0,0,0,0,0.0,0.0,0.0,0.0,0.0,0.0
r_n170_p0.75_nA34_nB34_i1,byp_r10000,0,170,10786,34,34,-1,-1,FEASIBLE,900.0,1,0,-1.79769e+308,10.0,1.79769e+306,0.0,0,0,0,0,0,0.0,1,1,0,0,6.60194,10.0,134.955,0.0,450031,0,450000,0,0,31,43187,0,43156,0,0,31,776.382,0.0,82.9291,0.0,0.0,693.453,0.0,0,0.0,0,0,0,0,0,0,0,0,0,0,0,0,0.0,0.0,0.0,0.0,0.0,0.0
r_n150_p0.5_nA15_nB15_i0,byp_r10000,0,150,5548,15,15,-1,-1,FEASIBLE,900.0,1,0,-1.79769e+308,3.0,1.79769e+306,0.0,0,0,0,0,0,0.0,1,1,0,0,1.64516,3.0,28.4054,0.0,360027,0,360000,0,0,27,20035,0,20008,0,0,27,889.589,0.0,48.2381,0.0,0.0,841.35,0.0,0,0.0,0,0,0,0,0,0,0,0,0,0,0,0,0.0,0.0,0.0,0.0,0.0,0.0
r_n170_p0.75_nA17_nB34_i0,byp_r10000,0,170,10814,17,34,-1,-1,FEASIBLE,900.0,1,0,-1.79769e+308,4.0,1.79769e+306,0.0,0,0,0,0,0,0.0,1,1,0,0,3.02332,4.0,69.9393,0.0,640057,0,640000,0,0,57,23700,0,23643,0,0,57,832.962,0.0,110.938,0.0,0.0,722.024,0.0,0,0.0,0,0,0,0,0,0,0,0,0,0,0,0,0.0,0.0,0.0,0.0,0.0,0.0
r_n170_p0.75_nA17_nB17_i1,byp_r10000,0,170,10787,17,17,-1,-1,FEASIBLE,208.774,1,1,3.07208,5.0,0.385584,0.0,0,0,0,0,0,0.0,1,1,0,0,3.07208,5.0,63.4304,0.0,180008,0,180000,0,0,8,24440,0,24433,0,0,7,145.135,0.0,28.2948,0.0,0.0,116.84,0.0,0,0.0,0,0,0,0,0,0,0,0,0,0,0,0,0.0,0.0,0.0,0.0,0.0,0.0
r_n150_p0.5_nA30_nB30_i1,byp_r10000,0,150,5562,30,30,-1,-1,FEASIBLE,857.511,1,1,3.69525,6.0,0.384125,0.0,0,0,0,0,0,0.0,1,1,0,0,3.69525,6.0,67.3551,0.0,430021,0,430000,0,0,21,33481,0,33461,0,0,20,789.09,0.0,54.71,0.0,0.0,734.38,0.0,0,0.0,0,0,0,0,0,0,0,0,0,0,0,0,0.0,0.0,0.0,0.0,0.0,0.0
r_n150_p0.5_nA30_nB30_i3,byp_r10000,0,150,5675,30,30,-1,-1,FEASIBLE,606.906,1,1,3.57178,6.0,0.404704,0.0,0,0,0,0,0,0.0,1,1,0,0,3.57178,6.0,67.1279,0.0,450019,0,450000,0,0,19,46914,0,46896,0,0,18,538.257,0.0,59.011,0.0,0.0,479.246,0.0,0,0.0,0,0,0,0,0,0,0,0,0,0,0,0,0.0,0.0,0.0,0.0,0.0,0.0
r_n150_p0.5_nA30_nB15_i0,byp_r10000,0,150,5548,30,15,-1,-1,FEASIBLE,662.244,1,1,3.85644,6.0,0.357261,0.0,0,0,0,0,0,0.0,1,1,0,0,3.85644,6.0,54.8053,0.0,610029,0,610000,0,0,29,53197,0,53169,0,0,28,605.24,0.0,82.7737,0.0,0.0,522.467,0.0,0,0.0,0,0,0,0,0,0,0,0,0,0,0,0,0.0,0.0,0.0,0.0,0.0,0.0
r_n130_p0.25_nA26_nB13_i0,byp_r10000,0,130,2038,26,13,-1,-1,FEASIBLE,548.204,1,1,1.76282,3.0,0.412392,0.0,0,0,0,0,0,0.0,1,1,0,0,1.76282,3.0,19.5041,0.0,520029,0,520000,0,0,29,27254,0,27226,0,0,28,527.037,0.0,47.1959,0.0,0.0,479.841,0.0,0,0.0,0,0,0,0,0,0,0,0,0,0,0,0,0.0,0.0,0.0,0.0,0.0,0.0
r_n150_p0.5_nA30_nB15_i2,byp_r10000,0,150,5525,30,15,-1,-1,FEASIBLE,900.0,1,0,-1.79769e+308,6.0,1.79769e+306,0.0,0,0,0,0,0,0.0,1,1,0,0,3.82174,6.0,53.061,0.0,690036,0,690000,0,0,36,61175,0,61139,0,0,36,860.966,0.0,91.0024,0.0,0.0,769.963,0.0,0,0.0,0,0,0,0,0,0,0,0,0,0,0,0,0.0,0.0,0.0,0.0,0.0,0.0
r_n170_p0.75_nA34_nB34_i3,byp_r10000,0,170,10760,34,34,-1,-1,FEASIBLE,459.379,1,1,6.47379,10.0,0.352621,0.0,0,0,0,0,0,0.0,1,1,0,0,6.47379,10.0,136.213,0.0,250014,0,250000,0,0,14,46369,0,46356,0,0,13,322.544,0.0,41.2301,0.0,0.0,281.314,0.0,0,0.0,0,0,0,0,0,0,0,0,0,0,0,0,0.0,0.0,0.0,0.0,0.0,0.0
r_n130_p0.25_nA26_nB26_i1,byp_r10000,0,130,2071,26,26,-1,-1,FEASIBLE,301.158,1,1,1.74146,3.0,0.419513,0.0,0,0,0,0,0,0.0,1,1,0,0,1.74146,3.0,22.4894,0.0,400014,0,400000,0,0,14,30895,0,30882,0,0,13,277.157,0.0,38.632,0.0,0.0,238.525,0.0,0,0.0,0,0,0,0,0,0,0,0,0,0,0,0,0.0,0.0,0.0,0.0,0.0,0.0
r_n170_p0.75_nA34_nB17_i1,byp_r10000,0,170,10786,34,17,-1,-1,FEASIBLE,900.0,1,0,-1.79769e+308,12.0,1.79769e+306,0.0,0,0,0,0,0,0.0,1,1,0,0,9.60281,12.0,50.9822,0.0,1120068,0,1120000,0,0,68,90793,0,90725,0,0,68,846.306,0.0,177.675,0.0,0.0,668.631,0.0,0,0.0,0,0,0,0,0,0,0,0,0,0,0,0,0.0,0.0,0.0,0.0,0.0,0.0
r_n170_p0.75_nA17_nB34_i2,byp_r10000,0,170,10800,17,34,-1,-1,OPTIMAL,131.352,1,0,4.0,4.0,0.0,0.0,0,0,0,0,0,0.0,1,1,0,0,3.05466,4.0,73.5944,0.0,90003,0,90000,0,0,3,20891,0,20889,0,0,2,57.6495,0.0,14.4963,0.0,0.0,43.1532,0.0,0,0.0,0,0,0,0,0,0,0,0,0,0,0,0,0.0,0.0,0.0,0.0,0.0,0.0
r_n150_p0.5_nA15_nB15_i3,byp_r10000,0,150,5673,15,15,-1,-1,FEASIBLE,900.0,1,0,-1.79769e+308,3.0,1.79769e+306,0.0,0,0,0,0,0,0.0,1,1,0,0,1.69616,3.0,29.1627,0.0,660059,0,660000,0,0,59,20662,0,20603,0,0,59,874.179,0.0,86.3311,0.0,0.0,787.848,0.0,0,0.0,0,0,0,0,0,0,0,0,0,0,0,0,0.0,0.0,0.0,0.0,0.0,0.0
r_n170_p0.75_nA34_nB34_i0,byp_r10000,0,170,10814,34,34,-1,-1,FEASIBLE,594.603,1,1,6.60748,10.0,0.339252,0.0,0,0,0,0,0,0.0,1,1,0,0,6.60748,10.0,136.025,0.0,400018,0,400000,0,0,18,64911,0,64894,0,0,17,457.31,0.0,67.6822,0.0,0.0,389.628,0.0,0,0.0,0,0,0,0,0,0,0,0,0,0,0,0,0.0,0.0,0.0,0.0,0.0,0.0
r_n170_p0.75_nA34_nB17_i3,byp_r10000,0,170,10775,34,17,-1,-1,FEASIBLE,543.786,1,1,8.65912,11.0,0.212807,0.0,0,0,0,0,0,0.0,1,1,0,0,8.65912,11.0,62.2065,0.0,650034,0,650000,0,0,34,87381,0,87348,0,0,33,479.068,0.0,108.341,0.0,0.0,370.727,0.0,0,0.0,0,0,0,0,0,0,0,0,0,0,0,0,0.0,0.0,0.0,0.0,0.0,0.0
r_n170_p0.75_nA17_nB17_i3,byp_r10000,0,170,10751,17,17,-1,-1,FEASIBLE,185.306,1,1,3.15887,5.0,0.368226,0.0,0,0,0,0,0,0.0,1,1,0,0,3.15887,5.0,58.793,0.0,140006,0,140000,0,0,6,24672,0,24667,0,0,5,126.344,0.0,22.498,0.0,0.0,103.846,0.0,0,0.0,0,0,0,0,0,0,0,0,0,0,0,0,0.0,0.0,0.0,0.0,0.0,0.0
r_n150_p0.5_nA15_nB30_i0,byp_r10000,0,150,5548,15,30,-1,-1,OPTIMAL,68.7171,1,0,2.0,2.0,0.0,0.0,0,0,0,0,0,0.0,1,1,0,0,1.64356,2.0,31.0795,0.0,50001,0,50000,0,0,1,16089,0,16089,0,0,0,37.5553,0.0,6.85325,0.0,0.0,30.7021,0.0,0,0.0,0,0,0,0,0,0,0,0,0,0,0,0,0.0,0.0,0.0,0.0,0.0,0.0
r_n150_p0.5_nA15_nB15_i2,byp_r10000,0,150,5568,15,15,-1,-1,OPTIMAL,140.466,1,0,2.0,2.0,0.0,0.0,0,0,0,0,0,0.0,1,1,0,0,1.70119,2.0,28.4274,0.0,90004,0,90000,0,0,4,18226,0,18223,0,0,3,111.902,0.0,12.1506,0.0,0.0,99.7516,0.0,0,0.0,0,0,0,0,0,0,0,0,0,0,0,0,0.0,0.0,0.0,0.0,0.0,0.0
r_n150_p0.5_nA30_nB15_i3,byp_r10000,0,150,5675,30,15,-1,-1,FEASIBLE,900.0,1,0,-1.79769e+308,6.0,1.79769e+306,0.0,0,0,0,0,0,0.0,1,1,0,0,4.05732,6.0,55.7319,0.0,660032,0,660000,0,0,32,65057,0,65025,0,0,32,848.64,0.0,88.7978,0.0,0.0,759.842,0.0,0,0.0,0,0,0,0,0,0,0,0,0,0,0,0,0.0,0.0,0.0,0.0,0.0,0.0
r_n170_p0.75_nA34_nB34_i4,byp_r10000,0,170,10757,34,34,-1,-1,FEASIBLE,900.0,1,0,-1.79769e+308,10.0,1.79769e+306,0.0,0,0,0,0,0,0.0,1,1,0,0,6.49618,10.0,137.528,0.0,570031,0,570000,0,0,31,73772,0,73741,0,0,31,761.695,0.0,88.4496,0.0,0.0,673.245,0.0,0,0.0,0,0,0,0,0,0,0,0,0,0,0,0,0.0,0.0,0.0,0.0,0.0,0.0
